,Rank,Player,Age,Tm,First,Pts Won,Pts Max,Share,G,MP,PTS,TRB,AST,STL,BLK,FG%,3P%,FT%,WS,WS/48,year,team,W,W/L%,seed,games_played,minutes_played,player_efficiency_rating,true_shooting_percentage,three_point_attempt_rate,free_throw_attempt_rate,offensive_rebound_percentage,defensive_rebound_percentage,total_rebound_percentage,assist_percentage,steal_percentage,block_percentage,turnover_percentage,usage_percentage,offensive_win_shares,defensive_win_shares,win_shares,win_shares_per_48_minutes,offensive_box_plus_minus,defensive_box_plus_minus,box_plus_minus,value_over_replacement_player
0,1,Shaquille O'Neal,27,LAL,120,1207,1210,0.998,79,40,29.7,13.6,3.8,0.5,3,0.574,0,0.524,18.6,0.283,2000,Los Angeles Lakers,67,0.817,10,79,3163,30.6,0.578,0.001,0.495,11.5,24.8,18.3,19.3,0.6,5.3,9.9,31.2,11.7,7,18.6,0.283,7.3,2,9.3,9
1,2,Kevin Garnett,23,MIN,0,408,1210,0.337,81,40,22.9,11.8,5,1.5,1.6,0.497,0.37,0.765,11.6,0.172,2000,Minnesota Timberwolves,50,0.61,4,81,3243,23.6,0.545,0.053,0.265,7.9,26.6,17.1,21.5,1.9,2.8,13.6,27.4,6.1,5.6,11.6,0.172,4.6,1.7,6.3,6.8
2,3,Alonzo Mourning,29,MIA,0,367,1210,0.303,79,34.8,21.7,9.5,1.6,0.5,3.7,0.551,0,0.711,12.9,0.226,2000,Miami Heat,52,0.634,2,79,2748,25.8,0.596,0.003,0.492,9.5,21.6,15.9,8.7,0.8,7.8,13.1,28.1,7.3,5.6,12.9,0.226,3.1,2.2,5.3,5
3,4,Karl Malone,36,UTA,0,312,1210,0.258,82,35.9,25.5,9.5,3.7,1,0.9,0.509,0.25,0.797,15.3,0.249,2000,Utah Jazz,55,0.671,2,82,2947,27.1,0.582,0.005,0.501,7.1,24.7,16.1,20.9,1.4,1.9,11.4,31.9,10.7,4.5,15.3,0.249,6.4,1.1,7.5,7.1
4,5,Tim Duncan,23,SAS,0,248,1210,0.205,74,38.9,23.2,12.4,3.2,0.9,2.2,0.49,0.091,0.761,13,0.218,2000,San Antonio Spurs,53,0.646,3,74,2875,24.8,0.555,0.009,0.471,10.8,24.8,18.1,15.5,1.2,4,13.5,28.7,6.7,6.4,13,0.218,3.8,1.8,5.6,5.5
5,6,Gary Payton,31,SEA,0,180,1210,0.149,82,41.8,24.2,6.5,8.9,1.9,0.2,0.448,0.34,0.735,13.9,0.195,2000,Seattle SuperSonics,45,0.549,13,82,3425,23.6,0.535,0.312,0.254,3.2,13.9,8.5,37.7,2.3,0.4,10.8,26.8,10.5,3.5,13.9,0.195,5.8,0.7,6.4,7.3
6,7,Allen Iverson,24,PHI,1,132,1210,0.109,70,40.8,28.4,3.8,4.7,2.1,0.1,0.421,0.341,0.713,6.9,0.116,2000,Philadelphia 76ers,49,0.598,4,70,2853,20,0.496,0.151,0.358,2.7,7.7,5.2,23,2.6,0.1,10.3,34.4,3.3,3.6,6.9,0.116,3.4,-0.2,3.2,3.8
7,8,Grant Hill,27,DET,0,113,1210,0.093,74,37.5,25.8,6.6,5.2,1.4,0.6,0.489,0.347,0.795,10.7,0.185,2000,Detroit Pistons,42,0.512,13,74,2776,24.5,0.565,0.069,0.425,4.1,16.4,10.2,26.8,1.9,1.1,12.4,30.5,8.1,2.6,10.7,0.185,5.4,0.1,5.4,5.2
8,9,Chris Webber,26,SAC,0,96,1210,0.079,75,38.4,24.5,10.5,4.6,1.6,1.7,0.483,0.284,0.751,10.7,0.179,2000,Sacramento Kings,44,0.537,14,75,2880,23.4,0.53,0.061,0.267,6.8,21.8,14.3,21.1,2,2.9,11.2,28.2,5.7,5,10.7,0.179,3.6,2.1,5.7,5.6
9,10,Vince Carter,23,TOR,0,51,1210,0.042,82,38.1,25.7,5.8,3.9,1.3,1.1,0.465,0.403,0.791,11.8,0.182,2000,Toronto Raptors,45,0.549,12,82,3126,23.4,0.543,0.139,0.325,5.2,12.1,8.5,20.5,1.8,2.1,8.4,30,9.1,2.7,11.8,0.182,5.6,-0.1,5.5,5.9
10,11,Jason Kidd,26,PHO,0,25,1210,0.021,67,39,14.3,7.2,10.1,2,0.4,0.409,0.337,0.829,8.5,0.156,2000,Phoenix Suns,53,0.646,12,67,2616,18.4,0.498,0.194,0.287,4.2,16.1,10.3,40.1,2.6,0.8,19,20,3.7,4.8,8.5,0.156,2.3,2,4.3,4.2
11,12,Kobe Bryant,21,LAL,0,3,1210,0.002,66,38.2,22.5,6.3,4.9,1.6,0.9,0.468,0.319,0.821,10.6,0.202,2000,Los Angeles Lakers,67,0.817,10,66,2524,21.7,0.546,0.122,0.341,4.6,12.9,8.8,22.4,2.2,1.7,11.8,26.8,6.1,4.5,10.6,0.202,3.5,1.6,5.1,4.5
12,13T,Darrell Armstrong,31,ORL,0,1,1210,0.001,82,31.6,16.2,3.3,6.1,2.1,0.1,0.433,0.34,0.911,8,0.149,2000,Orlando Magic,41,0.5,5,82,2590,19.5,0.542,0.36,0.221,2.7,8.6,5.7,31.4,3.2,0.2,16.8,23.9,4.6,3.4,8,0.149,3.6,0.9,4.5,4.3
13,13T,Michael Finley,26,DAL,0,1,1210,0.001,82,42.2,22.6,6.3,5.3,1.3,0.4,0.457,0.401,0.82,8.3,0.114,2000,Dallas Mavericks,40,0.488,5,82,3464,19.2,0.522,0.151,0.194,3.8,12.2,8,21.3,1.6,0.6,9.9,25.1,6.4,1.9,8.3,0.114,3,-0.9,2.1,3.6
14,13T,Reggie Miller,34,IND,0,1,1210,0.001,81,36.9,18.1,3,2.3,1,0.3,0.448,0.408,0.919,10.1,0.162,2000,Indiana Pacers,56,0.683,10,81,2987,17.3,0.603,0.388,0.39,2,6.8,4.5,10.2,1.5,0.6,9.6,20.5,8,2,10.1,0.162,3,-0.3,2.7,3.6
15,13T,Jalen Rose,27,IND,0,1,1210,0.001,80,37.2,18.2,4.8,4,1.1,0.6,0.471,0.393,0.827,7.3,0.118,2000,Indiana Pacers,56,0.683,10,80,2978,16.7,0.547,0.164,0.257,1.6,12.5,7.3,18.4,1.5,1.1,12.4,23.2,4.4,2.9,7.3,0.118,1.2,0.2,1.4,2.5
0,1,Allen Iverson,25,PHI,93,1121,1240,0.904,71,42,31.1,3.8,4.6,2.5,0.3,0.42,0.32,0.814,11.8,0.19,2001,Philadelphia 76ers,56,0.683,2,71,2979,24,0.518,0.169,0.397,1.9,8.3,5.2,23,3.2,0.5,10,35.9,7.3,4.5,11.8,0.19,5,1.1,6.1,6.1
1,2,Tim Duncan,24,SAS,18,706,1240,0.569,82,38.7,22.2,12.2,3,0.9,2.3,0.499,0.259,0.618,13.2,0.2,2001,San Antonio Spurs,58,0.707,2,82,3174,23.8,0.536,0.019,0.471,9.7,25.1,17.8,15.3,1.2,4.2,12.5,28.7,6.2,7.1,13.2,0.2,2.9,1.8,4.7,5.4
2,3,Shaquille O'Neal,28,LAL,7,578,1240,0.466,74,39.5,28.7,12.7,3.7,0.6,2.8,0.572,0,0.513,14.9,0.245,2001,Los Angeles Lakers,56,0.683,10,74,2924,30.2,0.574,0.001,0.684,11.3,24.8,18.1,18.8,0.8,4.9,10.5,31.6,11.1,3.9,14.9,0.245,7,0.7,7.7,7.1
3,4,Chris Webber,27,SAC,5,521,1240,0.42,70,40.5,27.1,11.1,4.2,1.3,1.7,0.481,0.071,0.703,11,0.186,2001,Sacramento Kings,55,0.671,11,70,2836,24.7,0.516,0.017,0.282,7,22.1,14.8,20.6,1.7,2.8,9.6,31.6,5.8,5.2,11,0.186,4,1.4,5.5,5.3
4,5,Kevin Garnett,24,MIN,1,151,1240,0.122,81,39.5,22,11.4,5,1.4,1.8,0.477,0.288,0.764,11.8,0.176,2001,Minnesota Timberwolves,47,0.573,5,81,3202,23.9,0.531,0.045,0.317,7.7,25.3,16.4,21.8,1.8,3.2,12,27,7,4.8,11.8,0.176,4.5,1.4,6,6.4
5,6,Tracy McGrady,21,ORL,0,64,1240,0.052,77,40.1,26.8,7.5,4.6,1.5,1.5,0.457,0.355,0.733,12.2,0.189,2001,Orlando Magic,43,0.524,5,77,3087,24.9,0.521,0.096,0.34,6.7,14.3,10.4,22.8,1.9,2.8,9.1,31.2,8.3,3.9,12.2,0.189,6.5,0.5,7,7
6,7,Karl Malone,37,UTA,0,21,1240,0.017,81,35.7,23.2,8.3,4.5,1.1,0.8,0.498,0.4,0.793,13.1,0.217,2001,Utah Jazz,53,0.646,3,81,2895,24.7,0.572,0.004,0.503,5,23.3,14.3,24.1,1.7,1.7,12.9,30,9.1,4,13.1,0.217,5.5,1.1,6.6,6.3
7,8,Jason Kidd,27,PHO,0,18,1240,0.015,77,39.8,16.9,6.4,9.8,2.2,0.3,0.411,0.297,0.814,9.6,0.15,2001,Phoenix Suns,51,0.622,12,77,3065,19.4,0.51,0.211,0.367,3.3,15.2,9.1,41.2,2.8,0.5,18.3,22.7,4.2,5.4,9.6,0.15,2.4,1.7,4.2,4.8
8,9,Kobe Bryant,22,LAL,0,11,1240,0.009,68,40.9,28.5,5.9,5,1.7,0.6,0.464,0.305,0.853,11.3,0.196,2001,Los Angeles Lakers,56,0.683,10,68,2783,24.5,0.552,0.132,0.369,4.3,11.8,8.1,23,2.1,1.1,11.1,31.8,9.2,2.2,11.3,0.196,5.1,-0.3,4.8,4.7
9,10,David Robinson,35,SAS,0,8,1240,0.006,80,29.6,14.4,8.6,1.5,1,2.5,0.486,0,0.747,12.1,0.246,2001,San Antonio Spurs,58,0.707,2,80,2371,23.7,0.559,0.001,0.571,10.4,22,16.5,8.8,1.8,5.8,10.6,22.8,6.4,5.7,12.1,0.246,2.5,2.7,5.2,4.3
10,11T,Ray Allen,25,MIL,0,7,1240,0.006,82,38.2,22,5.2,4.6,1.5,0.2,0.48,0.433,0.888,13.7,0.211,2001,Milwaukee Bucks,52,0.634,10,82,3129,22.9,0.61,0.357,0.299,3.7,11.8,7.8,20.4,2.1,0.5,12.1,24.4,11.5,2.2,13.7,0.211,5.7,-0.3,5.5,5.9
11,11T,Vince Carter,24,TOR,0,7,1240,0.006,75,39.7,27.6,5.5,3.9,1.5,1.1,0.46,0.408,0.765,12.9,0.208,2001,Toronto Raptors,47,0.573,11,75,2979,25,0.551,0.24,0.303,6.5,9.3,7.9,19.2,2,1.9,8.2,30.7,10.3,2.6,12.9,0.208,7.6,0.1,7.6,7.2
12,13,Paul Pierce,23,BOS,0,5,1240,0.004,82,38,25.3,6.4,3.1,1.7,0.8,0.454,0.383,0.745,10.4,0.16,2001,Boston Celtics,36,0.439,6,82,3120,22.3,0.563,0.254,0.488,3.4,16.7,9.8,16.9,2.3,1.7,12.5,30.6,6.9,3.5,10.4,0.16,4.5,-0.1,4.4,5
13,14,Jerry Stackhouse,26,DET,0,3,1240,0.002,80,40.2,29.8,3.9,5.1,1.2,0.7,0.402,0.351,0.822,9.2,0.137,2001,Detroit Pistons,32,0.39,14,80,3215,21.8,0.521,0.245,0.42,3.2,7.3,5.2,25.8,1.5,1.2,12.5,35.2,6.6,2.6,9.2,0.137,5.8,-0.7,5.1,5.8
14,15T,Michael Finley,27,DAL,0,1,1240,0.001,82,42,21.5,5.2,4.4,1.4,0.4,0.458,0.346,0.775,8.5,0.119,2001,Dallas Mavericks,53,0.646,4,82,3443,18.2,0.521,0.169,0.209,3.6,10,6.9,18.3,1.8,0.7,10.1,24.9,5.6,2.9,8.5,0.119,2.4,-0.5,1.9,3.4
15,15T,Anthony Mason,34,MIA,0,1,1240,0.001,80,40.7,16.1,9.6,3.1,1,0.3,0.482,0,0.781,11.6,0.171,2001,Miami Heat,50,0.61,3,80,3254,17.4,0.555,0,0.497,6.2,21.9,14.1,14.2,1.4,0.6,13.3,20,6,5.6,11.6,0.171,0.8,1.1,1.9,3.2
16,15T,John Stockton,38,UTA,0,1,1240,0.001,82,29.2,11.5,2.8,8.7,1.6,0.3,0.504,0.462,0.817,10.8,0.216,2001,Utah Jazz,53,0.646,3,82,2397,22.3,0.61,0.203,0.427,2.9,8.8,5.9,48.7,2.9,0.7,20.8,18.8,8.2,2.6,10.8,0.216,5.5,1.2,6.7,5.3
0,1,Tim Duncan,25,SAS,57,954,1260,0.757,82,40.6,25.5,12.7,3.7,0.7,2.5,0.508,0.1,0.799,17.8,0.257,2002,San Antonio Spurs,58,0.707,2,82,3329,27,0.576,0.007,0.466,9.6,25.9,18,18.3,1,4.3,12.7,29,10.7,7.1,17.8,0.257,5.4,2.2,7.6,8
1,2,Jason Kidd,28,NJN,45,897,1260,0.712,82,37.3,14.7,7.3,9.9,2.1,0.2,0.391,0.321,0.814,8.9,0.14,2002,New Jersey Nets,52,0.634,2,82,3056,19.1,0.484,0.32,0.217,4.7,17.2,10.9,42.5,3,0.5,18.7,22.5,3.1,5.8,8.9,0.14,3,1.5,4.5,5
2,3,Shaquille O'Neal,29,LAL,15,696,1260,0.552,67,36.1,27.2,10.7,3,0.6,2,0.579,0,0.555,13.2,0.262,2002,Los Angeles Lakers,58,0.707,11,67,2422,29.7,0.59,0.001,0.583,10.8,21.6,16.3,16.4,0.9,4.1,10,31.8,9.2,4,13.2,0.262,7.1,0.9,8,6.1
3,4,Tracy McGrady,22,ORL,7,390,1260,0.31,76,38.3,25.6,7.9,5.3,1.6,1,0.451,0.364,0.748,11.5,0.189,2002,Orlando Magic,44,0.537,4,76,2912,25.1,0.532,0.178,0.35,5.7,17.3,11.5,25.8,2.1,1.8,9.4,31.1,8.1,3.4,11.5,0.189,6.4,0.4,6.8,6.4
4,5,Kobe Bryant,23,LAL,1,98,1260,0.078,80,38.3,25.2,5.5,5.5,1.5,0.4,0.469,0.25,0.829,12.7,0.199,2002,Los Angeles Lakers,58,0.707,11,80,3063,23.2,0.544,0.083,0.369,4.1,11.7,7.9,25.9,2,0.8,10.7,30.4,8.9,3.8,12.7,0.199,4.3,0.3,4.6,5.2
5,6,Gary Payton,33,SEA,1,54,1260,0.043,82,40.3,22.1,4.8,9,1.6,0.3,0.467,0.314,0.797,12.6,0.183,2002,Seattle SuperSonics,45,0.549,13,82,3301,22.9,0.526,0.15,0.212,2.9,11.1,7.1,39.4,2.1,0.6,10.8,27.2,10.1,2.5,12.6,0.183,5.2,-0.2,5.1,5.9
6,7,Chris Webber,28,SAC,0,37,1260,0.029,54,38.4,24.5,10.1,4.8,1.7,1.4,0.495,0.263,0.749,8.6,0.2,2002,Sacramento Kings,61,0.744,10,54,2071,24.4,0.54,0.018,0.314,7.9,20.1,14.1,21.9,2.2,2.4,11.4,29,4.8,3.9,8.6,0.2,3.8,1.6,5.4,3.9
7,8,Dirk Nowitzki,23,DAL,0,31,1260,0.025,76,38,23.4,9.9,2.4,1.1,1,0.477,0.397,0.853,13.4,0.222,2002,Dallas Mavericks,57,0.695,3,76,2891,24.1,0.599,0.278,0.41,4.7,24,14.5,10.8,1.5,1.9,8.9,25.5,10.2,3.1,13.4,0.222,5.4,0.1,5.5,5.5
8,9,Allen Iverson,26,PHI,0,29,1260,0.023,60,43.7,31.4,4.5,5.5,2.8,0.2,0.398,0.291,0.812,6.9,0.126,2002,Philadelphia 76ers,43,0.524,5,60,2622,21.9,0.489,0.161,0.351,1.9,9.6,5.8,27.6,3.5,0.4,11,37.8,2.6,4.3,6.9,0.126,3.9,0.8,4.8,4.5
9,10,Ben Wallace,27,DET,0,24,1260,0.019,80,36.5,7.6,13,1.4,1.7,3.5,0.531,0,0.423,11.6,0.19,2002,Detroit Pistons,50,0.61,10,80,2921,18.6,0.522,0.006,0.488,12.9,28.9,21,6.2,2.5,6.7,10.7,10.5,4.3,7.2,11.6,0.19,1.2,3.3,4.4,4.8
10,11,Paul Pierce,24,BOS,0,22,1260,0.017,82,40.3,26.1,6.9,3.2,1.9,1,0.442,0.404,0.809,12.9,0.187,2002,Boston Celtics,49,0.598,3,82,3302,22.3,0.57,0.325,0.402,2.6,16.5,9.4,15.7,2.4,2,11.4,29.3,7.3,5.6,12.9,0.187,4.7,1.3,5.9,6.6
11,12,Kevin Garnett,25,MIN,0,17,1260,0.013,81,39.2,21.2,12.1,5.2,1.2,1.6,0.47,0.319,0.801,12.8,0.194,2002,Minnesota Timberwolves,50,0.61,4,81,3175,23.8,0.536,0.083,0.32,9,26.5,17.8,22.4,1.6,2.9,12.5,26,7.9,4.9,12.8,0.194,5.1,1.8,6.8,7.1
12,13,Michael Jordan,38,WAS,0,16,1260,0.013,60,34.9,22.9,5.7,5.2,1.4,0.4,0.416,0.189,0.79,3.3,0.075,2002,Washington Wizards,37,0.451,6,60,2093,20.7,0.468,0.04,0.252,2.7,16.2,9.4,30.8,2.2,0.9,9.9,36,1.2,2.1,3.3,0.075,3.2,-0.1,3.1,2.7
13,14,Steve Nash,27,DAL,0,5,1260,0.004,82,34.6,17.9,3.1,7.7,0.6,0,0.483,0.455,0.887,9.9,0.167,2002,Dallas Mavericks,57,0.695,3,82,2837,20.7,0.602,0.315,0.269,2,7.9,5,36.1,1,0.1,15.8,23,9.5,0.3,9.9,0.167,5.1,-2.1,3.1,3.6
14,15,Jerry Stackhouse,27,DET,0,3,1260,0.002,76,35.3,21.4,4.1,5.3,1,0.5,0.397,0.287,0.858,5.8,0.104,2002,Detroit Pistons,50,0.61,10,76,2685,19,0.518,0.227,0.437,3.4,10.4,6.9,28.4,1.5,1,14.5,32.3,3.2,2.6,5.8,0.104,2.6,-1.2,1.5,2.4
15,16T,Mike Bibby,23,SAC,0,1,1260,0.001,80,33.2,13.7,2.8,5,1.1,0.2,0.453,0.37,0.803,6.3,0.113,2002,Sacramento Kings,61,0.744,10,80,2659,14.9,0.513,0.14,0.196,1.5,7.3,4.5,23,1.6,0.4,11.1,19.7,3.7,2.6,6.3,0.113,0.3,0,0.4,1.6
16,16T,Elton Brand,22,LAC,0,1,1260,0.001,80,37.8,18.2,11.6,2.4,1,2,0.527,0,0.742,13.6,0.216,2002,Los Angeles Clippers,39,0.476,14,80,3020,23.6,0.586,0,0.519,15,19.6,17.3,11,1.4,3.7,12.2,21.1,9.9,3.7,13.6,0.216,3.9,0.4,4.3,4.8
17,16T,Peja Stojaković,24,SAC,0,1,1260,0.001,71,37.3,21.2,5.3,2.5,1.1,0.2,0.484,0.416,0.876,9.9,0.179,2002,Sacramento Kings,61,0.744,10,71,2649,19.3,0.592,0.274,0.286,3,11.9,7.5,10.6,1.5,0.4,9.9,23.2,6.8,3,9.9,0.179,3.2,-0.2,3,3.3
0,1,Tim Duncan,26,SAS,60,962,1190,0.808,81,39.3,23.3,12.9,3.9,0.7,2.9,0.513,0.273,0.71,16.5,0.248,2003,San Antonio Spurs,60,0.732,2,81,3181,26.9,0.564,0.016,0.455,9.9,27.3,19,19.5,0.9,5.2,12.9,28,9.5,6.9,16.5,0.248,5,2.5,7.6,7.7
1,2,Kevin Garnett,26,MIN,43,871,1190,0.732,82,40.5,23,13.4,6,1.4,1.6,0.502,0.282,0.751,15.6,0.225,2003,Minnesota Timberwolves,51,0.622,4,82,3321,26.4,0.553,0.048,0.339,8.6,28.5,18.8,25.8,1.8,2.8,11.9,26.4,9.8,5.8,15.6,0.225,6,2.4,8.4,8.7
2,3,Kobe Bryant,24,LAL,8,496,1190,0.417,82,41.5,30,6.9,5.9,2.2,0.8,0.451,0.383,0.843,14.9,0.21,2003,Los Angeles Lakers,50,0.61,11,82,3401,26.2,0.55,0.168,0.371,3.5,15.3,9.3,27.2,2.8,1.4,11.4,32.9,11,4,14.9,0.21,6.3,0.7,7.1,7.7
3,4,Tracy McGrady,23,ORL,4,427,1190,0.359,75,39.4,32.1,6.5,5.5,1.7,0.8,0.457,0.386,0.793,16.1,0.262,2003,Orlando Magic,42,0.512,5,75,2954,30.3,0.564,0.247,0.4,4.6,14.6,9.5,30,2.2,1.5,8.4,35.2,13.2,2.9,16.1,0.262,9.8,0.7,10.5,9.3
4,5,Shaquille O'Neal,30,LAL,3,126,1190,0.106,67,37.8,27.5,11.1,3.1,0.6,2.4,0.574,0,0.622,13.2,0.25,2003,Los Angeles Lakers,50,0.61,11,67,2535,29.5,0.602,0,0.599,11.4,21.6,16.5,16.2,0.8,4.5,11.4,30.2,10.2,3,13.2,0.25,6.4,0.1,6.5,5.5
5,6,Allen Iverson,27,PHI,0,83,1190,0.07,82,42.5,27.6,4.2,5.5,2.7,0.2,0.414,0.277,0.774,9.2,0.127,2003,Philadelphia 76ers,48,0.585,3,82,3485,21.2,0.5,0.156,0.379,2.3,9.5,5.8,25.1,3.4,0.3,11.2,32.9,5,4.2,9.2,0.127,3.2,0.2,3.5,4.8
6,7,Dirk Nowitzki,24,DAL,0,43,1190,0.036,80,39,25.1,9.9,3,1.4,1,0.463,0.379,0.881,16.1,0.249,2003,Dallas Mavericks,60,0.732,3,80,3117,25.6,0.581,0.262,0.368,2.9,25.1,14,13.3,1.8,2,8.1,27.4,10.8,5.3,16.1,0.249,5.8,1.4,7.2,7.3
7,8,Ben Wallace,28,DET,1,33,1190,0.028,73,39.4,6.9,15.4,1.6,1.4,3.2,0.481,0.167,0.45,10.6,0.176,2003,Detroit Pistons,50,0.61,10,73,2873,17.2,0.486,0.014,0.432,11.9,34.9,23.2,6.9,2,5.9,14.5,10.2,2.7,7.9,10.6,0.176,0.4,3.5,3.9,4.3
8,9,Jason Kidd,29,NJN,0,31,1190,0.026,80,37.4,18.7,6.3,8.9,2.2,0.3,0.414,0.341,0.841,11.3,0.182,2003,New Jersey Nets,49,0.598,2,80,2989,22.2,0.526,0.297,0.324,4.2,15.1,9.6,42.2,3.1,0.6,17.2,25.9,5.5,5.8,11.3,0.182,4.8,1.8,6.6,6.5
9,10,Chris Webber,29,SAC,0,19,1190,0.016,67,39.1,23,10.5,5.4,1.6,1.3,0.461,0.238,0.607,6.9,0.127,2003,Sacramento Kings,59,0.72,10,67,2622,20.9,0.485,0.015,0.247,6.9,21.1,14.4,24.6,2,2.2,11.9,30.4,1.7,5.3,6.9,0.127,2,1.5,3.5,3.6
10,11T,Jamal Mashburn,30,NOH,0,1,1190,0.001,82,40.5,21.6,6.1,5.6,1,0.2,0.422,0.389,0.848,9,0.13,2003,New Orleans Hornets,47,0.573,12,82,3321,18,0.507,0.193,0.233,2.3,15.3,8.7,26.2,1.3,0.4,11.6,27.1,5.4,3.6,9,0.13,2.6,-0.4,2.2,3.5
11,11T,Steve Nash,28,DAL,0,1,1190,0.001,82,33.1,17.7,2.9,7.3,1,0.1,0.465,0.413,0.909,11.6,0.206,2003,Dallas Mavericks,60,0.732,3,82,2711,22.6,0.576,0.241,0.304,2.6,7,4.8,36.3,1.6,0.2,13.2,24.4,9.7,1.9,11.6,0.206,5.4,-0.8,4.6,4.5
12,11T,Paul Pierce,25,BOS,0,1,1190,0.001,79,39.2,25.9,7.3,4.4,1.8,0.8,0.416,0.302,0.802,10.1,0.157,2003,Boston Celtics,44,0.537,4,79,3096,22.7,0.532,0.246,0.473,3.8,17.7,10.6,24.2,2.4,1.6,13,33.2,5.3,4.8,10.1,0.157,4.2,0.7,4.9,5.4
0,1,Kevin Garnett,27,MIN,120,1219,1230,0.991,82,39.4,24.2,13.9,5,1.5,2.2,0.499,0.256,0.791,18.3,0.272,2004,Minnesota Timberwolves,58,0.707,2,82,3231,29.4,0.547,0.027,0.289,9.1,30,20.1,24.4,2,4,10.5,29.6,10.4,8,18.3,0.272,6.8,3.3,10.2,10
1,2,Tim Duncan,27,SAS,0,716,1230,0.582,69,36.6,22.3,12.4,3.1,0.9,2.7,0.501,0.167,0.599,13.1,0.249,2004,San Antonio Spurs,57,0.695,3,69,2527,27.1,0.534,0.01,0.498,10.2,27.6,19,17.4,1.3,5.3,11.3,29.7,5.9,7.2,13.1,0.249,5.2,3.3,8.5,6.7
2,3,Jermaine O'Neal,25,IND,2,523,1230,0.425,78,35.7,20.1,10,2.1,0.8,2.6,0.434,0.111,0.757,9,0.155,2004,Indiana Pacers,61,0.744,10,78,2788,21.1,0.489,0.013,0.329,8.1,25,16.5,12.3,1.2,5.5,10.1,30.2,2.7,6.3,9,0.155,1.1,1.3,2.4,3.1
3,4,Peja Stojaković,26,SAC,1,281,1230,0.228,81,40.3,24.2,6.3,2.1,1.3,0.2,0.48,0.433,0.927,13.5,0.198,2004,Sacramento Kings,55,0.671,11,81,3264,21.8,0.624,0.4,0.307,3.2,14.1,8.8,9.1,1.7,0.3,8.9,23.9,11.4,2.1,13.5,0.198,5.2,-1.3,3.9,4.9
4,5,Kobe Bryant,25,LAL,0,212,1230,0.172,65,37.6,24,5.5,5.1,1.7,0.4,0.438,0.327,0.852,10.7,0.21,2004,Los Angeles Lakers,56,0.683,10,65,2447,23.7,0.551,0.184,0.452,4.7,12,8.3,24.4,2.4,0.8,10.8,29.1,7.8,3,10.7,0.21,5.1,0.5,5.6,4.7
5,6,Shaquille O'Neal,31,LAL,0,178,1230,0.145,67,36.8,21.5,11.5,2.9,0.5,2.5,0.584,0,0.49,9.9,0.192,2004,Los Angeles Lakers,56,0.683,10,67,2464,24.4,0.578,0,0.713,11.1,24.4,17.7,14.8,0.7,5,13.5,26.3,5.9,4,9.9,0.192,3.8,1,4.8,4.1
6,7,Ben Wallace,29,DET,0,24,1230,0.02,81,37.7,9.5,12.4,1.7,1.8,3,0.421,0.125,0.49,10.2,0.16,2004,Detroit Pistons,54,0.659,11,81,3050,17.3,0.441,0.011,0.388,12.5,25.5,19.1,7.7,2.6,6.1,12.3,15.3,1.1,9.1,10.2,0.16,0.2,3.3,3.5,4.3
7,8,Jason Kidd,30,NJN,0,17,1230,0.014,67,36.6,15.5,6.4,9.2,1.8,0.2,0.384,0.321,0.827,7.2,0.141,2004,New Jersey Nets,47,0.573,2,67,2450,19.7,0.485,0.306,0.26,4.1,16.5,10.3,44.8,2.7,0.4,16.7,24.6,2.8,4.4,7.2,0.141,3.4,1.3,4.7,4.2
8,9,LeBron James,19,CLE,0,11,1230,0.009,79,39.5,20.9,5.5,5.9,1.6,0.7,0.417,0.29,0.754,5.1,0.078,2004,Cleveland Cavaliers,35,0.427,14,79,3122,18.3,0.488,0.145,0.308,3.5,11.8,7.6,27.8,2.2,1.3,13.9,28.2,2.4,2.6,5.1,0.078,2.3,-0.6,1.7,2.9
9,10T,Sam Cassell,34,MIN,0,4,1230,0.003,81,35,19.8,3.3,7.3,1.3,0.2,0.488,0.398,0.873,12.1,0.205,2004,Minnesota Timberwolves,58,0.707,2,81,2838,22.8,0.566,0.146,0.261,1.9,8.7,5.5,38,1.9,0.5,13.5,27.2,8.8,3.3,12.1,0.205,4.1,0.3,4.4,4.6
10,10T,Baron Davis,24,NOH,0,4,1230,0.003,67,40.1,22.9,4.3,7.5,2.4,0.4,0.395,0.321,0.673,7.5,0.133,2004,New Orleans Hornets,41,0.5,12,67,2686,20.7,0.492,0.415,0.251,2.7,9.6,6.1,37.9,3.2,0.8,12.1,30.1,4.3,3.2,7.5,0.133,4.7,0.5,5.2,4.8
11,10T,Dirk Nowitzki,25,DAL,0,4,1230,0.003,77,37.9,21.8,8.7,2.7,1.2,1.4,0.462,0.341,0.877,11.5,0.19,2004,Dallas Mavericks,52,0.634,4,77,2915,22.5,0.561,0.221,0.323,3.3,22.2,12.5,11.3,1.6,2.6,8.3,24.5,9,2.5,11.5,0.19,3.8,0,3.8,4.3
12,13,Andrei Kirilenko,22,UTA,0,2,1230,0.002,78,37.1,16.5,8.1,3.1,1.9,2.8,0.443,0.338,0.79,11.6,0.192,2004,Utah Jazz,42,0.512,8,78,2895,22.6,0.559,0.216,0.533,9.5,17.5,13.5,15.7,2.9,6.3,15.8,21.9,6.5,5,11.6,0.192,5,2.9,7.9,7.2
13,14T,Carmelo Anthony,19,DEN,0,1,1230,0.001,82,36.5,21,6.1,2.8,1.2,0.5,0.426,0.322,0.777,6.1,0.098,2004,Denver Nuggets,43,0.524,7,82,2995,17.6,0.509,0.146,0.358,6.8,12.1,9.4,13.8,1.7,1,12.7,28.5,3.7,2.4,6.1,0.098,1.6,-1.6,0.1,1.6
14,14T,Yao Ming,23,HOU,0,1,1230,0.001,82,32.8,17.5,9,1.5,0.3,1.9,0.522,0,0.809,11.4,0.202,2004,Houston Rockets,45,0.549,6,82,2692,21.9,0.586,0.002,0.435,9.1,22.4,16.1,9.3,0.4,4.5,14.3,25.3,6.5,4.8,11.4,0.202,1.7,1.1,2.8,3.2
15,14T,Michael Redd,24,MIL,0,1,1230,0.001,82,36.8,21.7,5,2.3,1,0.1,0.44,0.35,0.868,9.7,0.154,2004,Milwaukee Bucks,41,0.5,13,82,3021,19.9,0.544,0.252,0.306,4.4,10.9,7.7,11.3,1.4,0.1,6.6,26.3,8.4,1.3,9.7,0.154,3.8,-1.3,2.5,3.5
0,1,Steve Nash,30,PHO,65,1066,1270,0.839,75,34.3,15.5,3.3,11.5,1,0.1,0.502,0.431,0.887,10.9,0.203,2005,Phoenix Suns,62,0.756,8,75,2573,22,0.606,0.254,0.278,2.5,7.6,5.2,49.2,1.4,0.2,20.3,20.5,9.7,1.2,10.9,0.203,5.5,-0.8,4.7,4.4
1,2,Shaquille O'Neal,32,MIA,58,1032,1270,0.813,73,34.1,22.9,10.4,2.7,0.5,2.3,0.601,0,0.461,11,0.211,2005,Miami Heat,59,0.72,14,73,2492,27,0.583,0,0.699,12.4,22.8,17.8,15.7,0.8,5,12.4,30.5,6.4,4.6,11,0.211,4.1,1.2,5.3,4.6
2,3,Dirk Nowitzki,26,DAL,0,349,1270,0.275,78,38.7,26.1,9.7,3.1,1.2,1.5,0.459,0.399,0.869,15.6,0.248,2005,Dallas Mavericks,58,0.707,15,78,3020,26.1,0.578,0.158,0.49,3.6,24,14,14.3,1.7,2.9,9.1,28.7,10.3,5.2,15.6,0.248,5.8,1.5,7.3,7.1
3,4,Tim Duncan,28,SAS,1,328,1270,0.258,66,33.4,20.3,11.1,2.7,0.7,2.6,0.496,0.333,0.67,11.2,0.245,2005,San Antonio Spurs,59,0.72,14,66,2203,27,0.54,0.009,0.437,10.7,28.2,19.4,16.1,1.1,5.7,9.3,28.9,5.5,5.7,11.2,0.245,4.8,2.8,7.6,5.4
4,5,Allen Iverson,29,PHI,2,240,1270,0.189,75,42.3,30.7,4,7.9,2.4,0.1,0.424,0.308,0.835,9,0.136,2005,Philadelphia 76ers,43,0.524,3,75,3174,23.2,0.532,0.186,0.432,1.8,8.9,5.3,37.6,2.9,0.2,13.7,35,5.3,3.7,9,0.136,4.2,0,4.2,5
5,6,LeBron James,20,CLE,0,93,1270,0.073,80,42.4,27.2,7.4,7.2,2.2,0.7,0.472,0.351,0.75,14.3,0.203,2005,Cleveland Cavaliers,42,0.512,11,80,3388,25.7,0.554,0.183,0.378,3.8,17,10.2,32.9,2.8,1.1,11.8,29.7,9.7,4.6,14.3,0.203,7,1.7,8.6,9.1
6,7,Tracy McGrady,25,HOU,0,44,1270,0.035,78,40.8,25.7,6.2,5.7,1.7,0.7,0.431,0.326,0.774,12,0.18,2005,Houston Rockets,51,0.622,,78,3182,22.9,0.526,0.262,0.336,2.7,14.8,8.9,28.6,2.3,1.3,9.5,31.2,6.5,5.4,12,0.18,5.2,1.5,6.7,6.9
7,8,Dwyane Wade,23,MIA,0,43,1270,0.034,77,38.6,24.1,5.2,6.8,1.6,1.1,0.478,0.289,0.762,11,0.177,2005,Miami Heat,59,0.72,14,77,2974,23.1,0.561,0.034,0.578,4.5,10.8,7.8,31,2.2,2,16.3,30.9,6.7,4.3,11,0.177,3.9,0.7,4.6,4.9
8,9T,Amar'e Stoudemire,22,PHO,1,41,1270,0.032,80,36.1,26,8.9,1.6,1,1.6,0.559,0.188,0.733,14.6,0.243,2005,Phoenix Suns,62,0.756,8,80,2889,26.6,0.617,0.012,0.595,8.5,17.4,13.2,7.7,1.3,3,10.1,28.3,11.3,3.3,14.6,0.243,4.1,0.3,4.4,4.7
9,9T,Ray Allen,29,SEA,0,41,1270,0.032,78,39.3,23.9,4.4,3.7,1.1,0.1,0.428,0.376,0.883,10.7,0.168,2005,Seattle SuperSonics,52,0.634,2,78,3064,20.9,0.555,0.372,0.286,3.2,10.7,6.9,18.1,1.5,0.1,9.2,28,9.7,1,10.7,0.168,5.3,-1.2,4.1,4.8
10,11,Kevin Garnett,28,MIN,0,15,1270,0.012,82,38.1,22.2,13.5,5.7,1.5,1.4,0.502,0.24,0.811,16.1,0.248,2005,Minnesota Timberwolves,44,0.537,4,82,3121,28.2,0.567,0.018,0.404,9.5,30.2,20.3,27.1,2.1,2.6,12.2,27.1,10.1,6,16.1,0.248,6.5,3,9.5,9.1
11,12,Gilbert Arenas,23,WAS,0,4,1270,0.003,80,40.9,25.5,4.7,5.1,1.7,0.3,0.431,0.365,0.814,11.5,0.169,2005,Washington Wizards,45,0.549,15,80,3274,21.3,0.565,0.369,0.42,2.8,10.5,6.5,22.9,2.2,0.5,11.8,27.3,9.2,2.3,11.5,0.169,4.7,-0.4,4.2,5.2
14,14T,P.J. Brown,35,NOH,0,1,1270,0.001,82,34.4,10.8,9,2.2,0.9,0.6,0.446,0,0.864,6.9,0.118,2005,New Orleans Hornets,18,0.22,,82,2817,15.5,0.512,0,0.321,10.7,20.6,15.5,11.2,1.4,1.4,10.5,15.9,4,2.9,6.9,0.118,0.1,0.1,0.2,1.5
15,14T,Marcus Camby,30,DEN,0,1,1270,0.001,66,30.5,10.3,10,2.3,0.9,3,0.465,0,0.723,5.8,0.138,2005,Denver Nuggets,49,0.598,3,66,2015,18,0.505,0.007,0.288,7.5,30.1,18.9,12,1.6,7.4,13.2,17.2,1.2,4.5,5.8,0.138,-0.2,3.3,3.1,2.6
16,14T,Shawn Marion,26,PHO,0,1,1270,0.001,81,38.8,19.4,11.3,1.9,2,1.5,0.476,0.334,0.833,12.5,0.191,2005,Phoenix Suns,62,0.756,8,81,3146,21.7,0.556,0.265,0.213,8.4,22,15.5,7.5,2.6,2.5,8.1,21.3,7.3,5.2,12.5,0.191,3.1,1.3,4.4,5.1
0,1,Steve Nash,31,PHO,57,924,1250,0.739,79,35.4,18.8,4.2,10.5,0.8,0.2,0.512,0.439,0.921,12.4,0.212,2006,Phoenix Suns,54,0.659,8,79,2796,23.3,0.632,0.324,0.264,1.9,11.1,6.6,44.4,1.1,0.3,19,23.3,10.3,2.1,12.4,0.212,5.7,-0.7,5,4.9
1,2,LeBron James,21,CLE,16,688,1250,0.55,79,42.5,31.4,7,6.6,1.6,0.8,0.48,0.335,0.738,16.3,0.232,2006,Cleveland Cavaliers,50,0.61,9,79,3361,28.1,0.568,0.208,0.447,2.6,17.1,9.8,32.8,2,1.5,10.7,33.6,12,4.3,16.3,0.232,7.5,1.6,9.1,9.4
2,3,Dirk Nowitzki,27,DAL,14,544,1250,0.435,81,38.1,26.6,9,2.8,0.7,1,0.48,0.406,0.901,17.7,0.275,2006,Dallas Mavericks,60,0.732,15,81,3089,28.1,0.589,0.173,0.382,4.6,23.4,14.2,14.7,1,2.1,7.9,30,13.5,4.3,17.7,0.275,7.8,0.4,8.1,7.9
3,4,Kobe Bryant,27,LAL,22,483,1250,0.386,80,41,35.4,5.3,4.5,1.8,0.4,0.45,0.347,0.85,15.3,0.224,2006,Los Angeles Lakers,45,0.549,10,80,3277,28,0.559,0.238,0.377,2.6,12.7,7.6,24.1,2.4,0.7,9,38.7,11.6,3.7,15.3,0.224,7.4,0.2,7.6,8
4,5,Chauncey Billups,29,DET,15,430,1250,0.344,81,36.1,18.5,3.1,8.6,0.9,0.1,0.418,0.433,0.894,15.5,0.254,2006,Detroit Pistons,64,0.78,8,81,2925,23.4,0.602,0.42,0.514,1.6,8.7,5.1,39.3,1.3,0.2,12,22.9,12.7,2.8,15.5,0.254,6.2,0.1,6.2,6.1
5,6,Dwyane Wade,24,MIA,0,87,1250,0.07,75,38.6,27.2,5.7,6.7,1.9,0.8,0.495,0.171,0.783,14.4,0.239,2006,Miami Heat,52,0.634,14,75,2892,27.6,0.577,0.054,0.568,4.5,12.6,8.7,33,2.6,1.5,13.2,32.5,10.2,4.2,14.4,0.239,5.9,1.8,7.7,7.1
6,7,Elton Brand,26,LAC,1,50,1250,0.04,79,39.2,24.7,10,2.6,1,2.5,0.527,0.333,0.775,14.8,0.229,2006,Los Angeles Clippers,47,0.573,9,79,3099,26.5,0.58,0.002,0.396,9.3,19.9,14.8,13.1,1.4,4.9,9.3,27.7,9.3,5.5,14.8,0.229,5.1,1.6,6.7,6.8
7,8,Tim Duncan,29,SAS,0,33,1250,0.026,80,34.8,18.6,11,3.2,0.9,2,0.484,0.4,0.629,10.8,0.187,2006,San Antonio Spurs,63,0.768,14,80,2784,23.1,0.523,0.004,0.45,10.1,26.9,18.7,16.5,1.4,4.2,12.2,27.7,3.9,6.9,10.8,0.187,2.3,2.6,5,4.9
8,9,Tony Parker,23,SAS,0,9,1250,0.007,80,33.9,18.9,3.3,5.8,1,0.1,0.548,0.306,0.707,9.6,0.169,2006,San Antonio Spurs,63,0.768,14,80,2715,20.8,0.584,0.032,0.315,1.7,9.5,5.7,32.2,1.7,0.1,16.1,27.1,5.5,4.1,9.6,0.169,2.4,0.4,2.8,3.3
9,10T,Allen Iverson,30,PHI,0,1,1250,0.001,72,43.1,33,3.2,7.4,1.9,0.1,0.447,0.323,0.814,10.6,0.165,2006,Philadelphia 76ers,38,0.463,3,72,3103,25.9,0.543,0.122,0.455,1.7,7.1,4.4,34.9,2.3,0.2,10.2,35.8,8.8,1.8,10.6,0.165,5.8,-1,4.8,5.3
10,10T,Shawn Marion,27,PHO,0,1,1250,0.001,81,40.3,21.8,11.8,1.8,2,1.7,0.525,0.331,0.809,14.6,0.214,2006,Phoenix Suns,54,0.659,8,81,3263,23.6,0.591,0.212,0.218,8.7,23.6,16.3,6.8,2.5,2.9,7.7,22.3,8.6,5.9,14.6,0.214,3.5,1.3,4.8,5.6
0,1,Dirk Nowitzki,28,DAL,83,1138,1290,0.882,78,36.2,24.6,8.9,3.4,0.7,0.8,0.502,0.416,0.904,16.3,0.278,2006,Dallas Mavericks,67,0.817,14,78,2820,27.6,0.605,0.129,0.411,5.3,23.9,14.8,17.8,1,1.7,9.5,28.9,11.8,4.5,16.3,0.278,7.2,1.2,8.3,7.4
1,2,Steve Nash,32,PHO,44,1013,1290,0.785,76,35.3,18.6,3.5,11.6,0.8,0.1,0.532,0.455,0.899,12.6,0.225,2007,Phoenix Suns,61,0.744,8,76,2682,23.8,0.654,0.353,0.254,1.4,9.9,5.8,50.1,1.1,0.2,21,22.9,10.8,1.7,12.6,0.225,6.7,-0.8,5.9,5.3
2,3,Kobe Bryant,28,LAL,2,521,1290,0.404,77,40.8,31.6,5.7,5.4,1.4,0.5,0.463,0.344,0.868,13,0.199,2007,Los Angeles Lakers,42,0.512,9,77,3140,26.1,0.58,0.227,0.437,2.8,13.5,8.2,25.5,1.8,0.9,10.9,33.6,10.8,2.2,13,0.199,6.4,-0.5,5.9,6.1
3,4,Tim Duncan,30,SAS,0,286,1290,0.222,80,34.1,20,10.6,3.4,0.8,2.4,0.546,0.111,0.637,13,0.23,2007,San Antonio Spurs,58,0.707,15,80,2726,26.1,0.579,0.008,0.502,9.8,27,18.8,18.8,1.3,5.1,14,27.9,6.3,6.8,13,0.23,3.8,3.2,7,6.2
4,5,LeBron James,22,CLE,0,183,1290,0.142,78,40.9,27.3,6.7,6,1.6,0.7,0.476,0.319,0.698,13.7,0.206,2007,Cleveland Cavaliers,50,0.61,9,78,3190,24.5,0.552,0.191,0.432,3,16.6,9.6,29.1,2.1,1.3,11.5,31,8,5.7,13.7,0.206,5.9,2.2,8.1,8.1
5,6,Tracy McGrady,27,HOU,0,110,1290,0.085,71,35.8,24.6,5.3,6.5,1.3,0.5,0.431,0.331,0.707,8.6,0.163,2007,Houston Rockets,52,0.634,,71,2539,23.2,0.515,0.257,0.33,2.6,14.5,8.6,37.5,1.9,1.1,11.2,35,4.1,4.5,8.6,0.163,4.9,1.2,6.1,5.2
6,7,Chris Bosh,22,TOR,0,43,1290,0.033,69,38.5,22.6,10.7,2.5,0.6,1.3,0.496,0.343,0.785,9.6,0.174,2007,Toronto Raptors,47,0.573,2,69,2658,22.6,0.577,0.032,0.539,8.1,24.8,16.4,11.7,0.8,2.6,11.7,26.7,6.1,3.5,9.6,0.174,2.8,-0.1,2.7,3.1
7,8,Gilbert Arenas,25,WAS,0,31,1290,0.024,74,39.8,28.4,4.6,6,1.9,0.2,0.418,0.351,0.844,10.8,0.177,2007,Washington Wizards,41,0.5,15,74,2942,24,0.565,0.377,0.464,2.3,11.1,6.6,27.2,2.4,0.3,11.2,31.4,9.3,1.5,10.8,0.177,5.5,-0.8,4.7,5
8,9T,Carlos Boozer,25,UTA,0,7,1290,0.005,74,34.6,20.9,11.7,3,0.9,0.3,0.561,0,0.685,9.9,0.185,2007,Utah Jazz,51,0.622,2,74,2557,24.1,0.588,0,0.322,11.2,29.9,20.6,16.6,1.4,0.7,12.8,26.5,6.5,3.4,9.9,0.185,4.4,0.2,4.6,4.3
9,9T,Kevin Garnett,30,MIN,0,7,1290,0.005,76,39.4,22.4,12.8,4.1,1.2,1.7,0.476,0.214,0.835,10.7,0.171,2007,Minnesota Timberwolves,32,0.39,5,76,2995,24.1,0.546,0.042,0.371,7.5,30.8,19.5,19.5,1.6,3.2,11.6,27.4,5.7,4.9,10.7,0.171,3.8,1.7,5.4,5.5
10,11,Chauncey Billups,30,DET,0,4,1290,0.003,70,36.2,17,3.4,7.2,1.2,0.2,0.427,0.345,0.883,11.4,0.216,2007,Detroit Pistons,53,0.646,8,70,2533,21.3,0.591,0.388,0.536,1.1,10,5.6,32.9,1.8,0.5,12.2,21.5,8.7,2.7,11.4,0.216,4.2,0.5,4.7,4.3
11,12T,Shaquille O'Neal,34,MIA,0,3,1290,0.002,40,28.4,17.3,7.4,2,0.2,1.4,0.591,0,0.422,2.8,0.119,2007,Miami Heat,44,0.537,14,40,1135,21.7,0.567,0,0.614,10.3,20.3,15.4,14.3,0.4,3.8,13.5,29.4,1.4,1.5,2.8,0.119,1.6,0.2,1.7,1.1
12,12T,Dwyane Wade,25,MIA,0,3,1290,0.002,51,37.9,27.4,4.7,7.5,2.1,1.2,0.491,0.266,0.807,8.8,0.219,2007,Miami Heat,44,0.537,14,51,1931,28.9,0.583,0.082,0.556,3.2,11.2,7.3,40.5,3,2.5,15.3,34.7,5.9,2.9,8.8,0.219,6.3,1.8,8.2,4.9
13,14,Amar'e Stoudemire,24,PHO,0,2,1290,0.002,82,32.8,20.4,9.6,1,1,1.3,0.575,0,0.781,11.2,0.201,2007,Phoenix Suns,61,0.744,8,82,2689,23.1,0.637,0.003,0.555,10.1,23.3,17,5,1.5,2.9,15,25.8,7.2,4,11.2,0.201,1.5,0.3,1.8,2.6
14,15T,Carmelo Anthony,22,DEN,0,1,1290,0.001,65,38.2,28.9,6,3.8,1.2,0.4,0.476,0.268,0.808,7.3,0.14,2007,Denver Nuggets,45,0.549,3,65,2486,22.1,0.552,0.103,0.391,6.6,11.1,8.9,19.2,1.5,0.7,12.1,33.4,5.2,2.1,7.3,0.14,3.2,-1.3,1.9,2.5
15,15T,Baron Davis,27,GSW,0,1,1290,0.001,63,35.3,20.1,4.4,8.1,2.1,0.5,0.439,0.304,0.745,6.4,0.139,2007,Golden State Warriors,42,0.512,10,63,2221,21,0.53,0.272,0.358,2.5,11.3,6.8,36.9,2.9,1,13.9,26.5,4.1,2.3,6.4,0.139,3.1,0.5,3.6,3.2
16,15T,Tony Parker,24,SAS,0,1,1290,0.001,77,32.5,18.6,3.2,5.5,1.1,0.1,0.52,0.395,0.783,9.6,0.185,2007,San Antonio Spurs,58,0.707,15,77,2499,21.4,0.572,0.035,0.319,1.7,10,6,31.7,1.8,0.2,13.3,27.4,5.8,3.9,9.6,0.185,2.7,0.4,3.1,3.2
0,1,Kobe Bryant,29,LAL,82,1100,1260,0.873,82,38.9,28.3,6.3,5.4,1.8,0.5,0.459,0.361,0.84,13.8,0.208,2008,Los Angeles Lakers,57,0.695,8,82,3192,24.2,0.576,0.246,0.439,3.4,14.1,9,23.9,2.4,0.9,11.3,31.4,9.5,4.3,13.8,0.208,5.2,0.6,5.8,6.3
1,2,Chris Paul,22,NOH,28,894,1260,0.71,80,37.6,21.1,4,11.6,2.7,0.1,0.488,0.369,0.851,17.8,0.284,2008,New Orleans Hornets,56,0.683,14,80,3006,28.3,0.576,0.193,0.302,2.4,10.3,6.2,52.2,3.9,0.1,12.1,25.7,13.2,4.6,17.8,0.284,7.2,3.2,10.4,9.3
2,3,Kevin Garnett,31,BOS,15,670,1260,0.532,71,32.8,18.8,9.2,3.4,1.4,1.3,0.539,0,0.801,12.9,0.265,2008,Boston Celtics,66,0.805,2,71,2328,25.3,0.588,0.011,0.339,7.3,25.1,16.8,19.9,2.3,3.1,10.8,25.5,6.6,6.2,12.9,0.265,4.7,3.5,8.2,6
3,4,LeBron James,23,CLE,1,438,1260,0.348,75,40.4,30,7.9,7.2,1.8,1.1,0.484,0.315,0.712,15.2,0.242,2008,Cleveland Cavaliers,45,0.549,9,75,3027,29.1,0.568,0.219,0.47,4.9,17.8,11.1,37.3,2.4,2.1,11.4,33.5,10.7,4.6,15.2,0.242,8.2,2.6,10.9,9.8
4,5,Dwight Howard,22,ORL,0,60,1260,0.048,82,37.7,20.7,14.2,1.3,0.9,2.1,0.599,0,0.59,12.9,0.2,2008,Orlando Magic,52,0.634,14,82,3088,22.9,0.619,0.004,0.921,10.9,31.6,21.7,6.1,1.2,4.2,16.1,24.2,6.4,6.4,12.9,0.2,1.6,1.2,2.8,3.7
5,6,Amar'e Stoudemire,25,PHO,0,27,1260,0.021,79,33.9,25.2,9.1,1.5,0.8,2.1,0.59,0.161,0.805,14.6,0.262,2008,Phoenix Suns,55,0.671,9,79,2677,27.6,0.656,0.026,0.571,8.2,21.1,15.2,7.5,1.2,4,10.3,28.2,10.9,3.8,14.6,0.262,4.2,0.6,4.8,4.6
6,7,Tim Duncan,31,SAS,0,25,1260,0.02,78,34,19.3,11.3,2.8,0.7,1.9,0.497,0,0.73,11.1,0.201,2008,San Antonio Spurs,56,0.683,15,78,2651,24.4,0.546,0.003,0.393,10.7,28.3,19.6,15.7,1.1,4.3,11.4,28.2,4.9,6.2,11.1,0.201,3,2.2,5.2,4.8
7,8,Tracy McGrady,28,HOU,0,19,1260,0.015,66,37,21.6,5.1,5.9,1,0.5,0.419,0.292,0.684,5.8,0.115,2008,Houston Rockets,55,0.671,,66,2440,18.4,0.487,0.226,0.274,2,13.5,7.8,29.6,1.5,0.9,9.8,30.4,2,3.8,5.8,0.115,2.4,0.5,2.9,3.1
8,9,Steve Nash,33,PHO,0,18,1260,0.014,81,34.3,16.9,3.5,11.1,0.7,0.1,0.504,0.47,0.906,10.5,0.181,2008,Phoenix Suns,55,0.671,9,81,2780,21.1,0.641,0.396,0.255,1.2,9.6,5.7,47.3,0.9,0.1,21.6,22,9,1.4,10.5,0.181,5.8,-1.8,3.9,4.2
9,10,Manu Ginóbili,30,SAS,0,9,1260,0.007,74,31.1,19.5,4.8,4.5,1.5,0.4,0.46,0.401,0.86,11.1,0.232,2008,San Antonio Spurs,56,0.683,15,74,2299,24.3,0.612,0.395,0.449,3.3,14.7,9.1,26.4,2.6,1.1,14.5,28.7,6.6,4.5,11.1,0.232,5.6,2.7,8.3,6
10,11,Dirk Nowitzki,29,DAL,0,5,1260,0.004,77,36,23.6,8.6,3.5,0.7,0.9,0.479,0.359,0.879,12.9,0.223,2008,Dallas Mavericks,51,0.622,,77,2769,24.6,0.585,0.167,0.414,4.1,22.8,13.8,17.8,1,1.9,9.3,28.8,8.9,4,12.9,0.223,5.6,1,6.6,6
11,12,Deron Williams,23,UTA,0,4,1260,0.003,82,37.3,18.8,3,10.5,1.1,0.3,0.507,0.395,0.803,11.3,0.177,2008,Utah Jazz,54,0.659,2,82,3059,20.8,0.595,0.188,0.368,1.4,8.3,4.9,43.6,1.5,0.6,17.7,23.1,8.9,2.3,11.3,0.177,4.9,-1.1,3.8,4.5
12,13,Carmelo Anthony,23,DEN,0,3,1260,0.002,77,36.4,25.7,7.4,3.4,1.3,0.5,0.492,0.354,0.786,8.2,0.14,2008,Denver Nuggets,50,0.61,3,77,2806,21.1,0.568,0.111,0.398,7,14.9,11,16.1,1.7,1,12.7,30.2,5.2,3,8.2,0.14,2.5,-0.9,1.6,2.5
13,14T,Carlos Boozer,26,UTA,0,1,1260,0.001,81,34.9,21.1,10.4,2.9,1.2,0.5,0.547,0,0.738,10.2,0.173,2008,Utah Jazz,54,0.659,2,81,2827,21.9,0.581,0.001,0.303,8.6,27.7,18.2,14.2,1.8,1.2,12.5,26.6,5.9,4.3,10.2,0.173,2.5,0.3,2.8,3.5
14,14T,Antawn Jamison,31,WAS,0,1,1260,0.001,79,38.7,21.4,10.2,1.5,1.3,0.4,0.436,0.339,0.76,9.2,0.144,2008,Washington Wizards,43,0.524,15,79,3061,20.3,0.525,0.25,0.309,8,23.3,15.4,7.2,1.9,0.9,6.6,25.9,6,3.2,9.2,0.144,3.1,-1.3,1.7,2.9
15,14T,Paul Pierce,30,BOS,0,1,1260,0.001,80,35.9,19.6,5.1,4.5,1.3,0.5,0.464,0.392,0.843,12.4,0.207,2008,Boston Celtics,66,0.805,2,80,2874,19.6,0.599,0.332,0.442,2.3,14,8.5,21.8,1.9,1,14.4,24.8,6.7,5.7,12.4,0.207,3.3,1.4,4.8,5
16,14T,Rasheed Wallace,33,DET,0,1,1260,0.001,77,30.5,12.7,6.6,1.8,1.2,1.7,0.432,0.356,0.767,7.6,0.155,2008,Detroit Pistons,59,0.72,8,77,2346,17.2,0.523,0.362,0.172,4.3,21.8,13,9.7,2.1,4.3,8.4,20.5,2.5,5.1,7.6,0.155,1.5,2.6,4.1,3.6
0,1,LeBron James,24,CLE,109,1172,1210,0.969,81,37.7,28.4,7.6,7.2,1.7,1.1,0.489,0.344,0.78,20.3,0.318,2009,Cleveland Cavaliers,66,0.805,8,81,3054,31.7,0.591,0.238,0.472,4.3,19,11.9,38,2.4,2.4,11,33.8,13.7,6.5,20.3,0.318,9.5,3.7,13.2,11.8
1,2,Kobe Bryant,30,LAL,2,698,1210,0.577,82,36.1,26.8,5.2,4.9,1.5,0.5,0.467,0.351,0.856,12.7,0.206,2009,Los Angeles Lakers,65,0.793,8,82,2960,24.4,0.561,0.196,0.329,3.5,12.8,8.2,23.8,2.1,1,9.7,32.2,8.6,4,12.7,0.206,5.6,0.3,5.9,5.9
2,3,Dwyane Wade,27,MIA,7,680,1210,0.562,79,38.6,30.2,5,7.5,2.2,1.3,0.491,0.317,0.765,14.7,0.232,2009,Miami Heat,43,0.524,,79,3048,30.4,0.574,0.16,0.443,3.5,12.2,7.8,40.3,3,2.8,11.6,36.2,10.3,4.4,14.7,0.232,8.2,2.4,10.6,9.6
3,4,Dwight Howard,23,ORL,1,328,1210,0.271,79,35.7,20.6,13.8,1.4,1,2.9,0.572,0,0.594,13.8,0.234,2009,Orlando Magic,59,0.72,14,79,2821,25.4,0.6,0.002,0.867,13.8,29.5,21.8,7.3,1.4,5.9,15.1,26.1,6.2,7.6,13.8,0.234,2.1,2.4,4.5,4.7
4,5,Chris Paul,23,NOH,2,192,1210,0.159,78,38.5,22.8,5.5,11,2.8,0.1,0.503,0.364,0.868,18.3,0.292,2009,New Orleans Hornets,49,0.598,,78,3002,30,0.599,0.14,0.418,2.8,14.6,8.7,54.5,3.9,0.3,13.5,27.5,13.3,5,18.3,0.292,7.2,3.8,11,9.9
7,7,Paul Pierce,31,BOS,0,21,1210,0.017,81,37.5,20.5,5.6,3.6,1,0.3,0.457,0.391,0.83,10.3,0.164,2009,Boston Celtics,62,0.756,2,81,3035,17.7,0.582,0.257,0.468,2.4,15.4,9.2,16.3,1.4,0.7,13.8,25.4,5.5,4.8,10.3,0.164,2.4,0.7,3.1,3.9
8,8,Tony Parker,26,SAS,0,9,1210,0.007,72,34.1,22,3.1,6.9,0.9,0.1,0.506,0.292,0.782,8.6,0.168,2009,San Antonio Spurs,54,0.659,14,72,2456,23.4,0.556,0.051,0.287,1.3,9.4,5.4,40.1,1.5,0.1,11.6,31.7,5.6,3,8.6,0.168,3.8,-0.2,3.6,3.5
9,9,Brandon Roy,24,POR,0,7,1210,0.006,78,37.2,22.6,4.7,5.1,1.1,0.3,0.48,0.377,0.824,13.5,0.223,2009,Portland Trail Blazers,54,0.659,3,78,2903,24,0.573,0.167,0.383,4.4,11.6,7.9,25.4,1.7,0.6,9,27.4,10.9,2.6,13.5,0.223,6,0.1,6.2,6
10,10,Dirk Nowitzki,30,DAL,0,3,1210,0.002,81,37.7,25.9,8.4,2.4,0.8,0.8,0.479,0.359,0.89,10.9,0.171,2009,Dallas Mavericks,50,0.61,,81,3050,23.1,0.564,0.105,0.337,3.3,22.1,12.8,12.1,1,1.5,7.8,30.3,7.5,3.4,10.9,0.171,3.7,-0.3,3.4,4.2
11,11,Tim Duncan,32,SAS,0,2,1210,0.002,75,33.7,19.3,10.7,3.5,0.5,1.7,0.504,0,0.692,10.1,0.191,2009,San Antonio Spurs,54,0.659,14,75,2524,24.4,0.549,0.002,0.436,9.6,27.9,18.9,19.3,0.8,3.7,11.1,28.5,5,5,10.1,0.191,3.4,2,5.4,4.7
12,12,Yao Ming,28,HOU,0,1,1210,0.001,77,33.6,19.7,9.9,1.8,0.4,1.9,0.548,1,0.866,10.6,0.196,2009,Houston Rockets,53,0.646,15,77,2589,22.7,0.618,0.001,0.426,9.6,24.1,17.1,10,0.6,4.2,16,26.2,5.6,5,10.6,0.196,1.6,1.6,3.1,3.3
0,1,LeBron James,25,CLE,116,1205,1230,0.98,76,39,29.7,7.3,8.6,1.6,1,0.503,0.333,0.767,18.5,0.299,2010,Cleveland Cavaliers,61,0.744,8,76,2966,31.1,0.604,0.253,0.506,3,18.5,11.1,41.8,2.2,2,12.3,33.5,13.3,5.2,18.5,0.299,9.1,2.8,11.8,10.3
1,2,Kevin Durant,21,OKC,4,609,1230,0.495,82,39.5,30.1,7.6,2.8,1.4,1,0.476,0.365,0.9,16.1,0.238,2010,Oklahoma City Thunder,50,0.61,5,82,3239,26.2,0.607,0.21,0.504,3.8,17.9,11,13.5,1.8,1.9,11.7,32,11.1,5,16.1,0.238,6.3,0.8,7.1,7.5
2,3,Kobe Bryant,31,LAL,0,599,1230,0.487,73,38.8,27,5.4,5,1.5,0.3,0.456,0.329,0.811,9.4,0.16,2010,Los Angeles Lakers,57,0.695,8,73,2835,21.9,0.545,0.192,0.345,3.1,12.2,7.7,23.8,2.1,0.5,11.4,32.3,5.4,4,9.4,0.16,3.9,0.2,4.1,4.4
3,4,Dwight Howard,24,ORL,3,478,1230,0.389,82,34.7,18.3,13.2,1.8,0.9,2.8,0.612,0,0.592,13.2,0.223,2010,Orlando Magic,59,0.72,14,82,2843,24,0.63,0.008,0.978,12,31.3,22,8.7,1.4,6,18.7,23.9,6.1,7.1,13.2,0.223,1.6,2.8,4.4,4.6
4,5,Dwyane Wade,28,MIA,0,119,1230,0.097,77,36.3,26.6,4.8,6.5,1.8,1.1,0.476,0.3,0.761,13,0.224,2010,Miami Heat,47,0.573,,77,2792,28,0.562,0.161,0.465,4.5,11.1,7.8,36.4,2.7,2.4,12.2,34.9,8.5,4.6,13,0.224,7.1,2.1,9.2,7.9
5,6,Carmelo Anthony,25,DEN,0,65,1230,0.053,69,38.2,28.2,6.6,3.2,1.3,0.4,0.458,0.316,0.83,7.9,0.145,2010,Denver Nuggets,53,0.646,2,69,2634,22.2,0.548,0.125,0.407,6.7,13.1,9.9,15.9,1.7,0.9,10.6,33.4,5.6,2.4,7.9,0.145,3.5,-1.2,2.3,2.9
6,7,Dirk Nowitzki,31,DAL,0,55,1230,0.045,81,37.5,25,7.7,2.7,0.9,1,0.481,0.421,0.915,12.3,0.194,2010,Dallas Mavericks,55,0.671,14,81,3039,22.9,0.578,0.081,0.392,3.1,20.1,11.7,13,1.2,2,7.8,28.8,8.4,3.9,12.3,0.194,3.7,0.5,4.2,4.7
7,8,Steve Nash,35,PHO,0,49,1230,0.04,81,32.8,16.5,3.3,11,0.5,0.1,0.507,0.426,0.938,9.9,0.178,2010,Phoenix Suns,54,0.659,9,81,2660,21.6,0.615,0.295,0.228,1.5,9.4,5.7,50.9,0.8,0.3,21.4,22.9,9.1,0.8,9.9,0.178,6.1,-1.8,4.3,4.2
8,9,Deron Williams,25,UTA,0,7,1230,0.006,76,36.9,18.7,4,10.5,1.3,0.2,0.469,0.371,0.801,10.3,0.177,2010,Utah Jazz,53,0.646,3,76,2802,20.6,0.574,0.246,0.397,2.2,10.4,6.4,44.5,1.8,0.5,16.9,23.8,7.4,3,10.3,0.177,4.2,-0.4,3.8,4.1
9,10,Amar'e Stoudemire,27,PHO,0,5,1230,0.004,82,34.6,23.1,8.9,1,0.6,1,0.557,0.167,0.771,10.7,0.181,2010,Phoenix Suns,54,0.659,9,82,2838,22.6,0.615,0.005,0.5,9.7,18.9,14.5,4.8,0.9,2.1,12.1,27.3,8.2,2.5,10.7,0.181,2.1,-1.1,1,2.2
10,11,Manu Ginóbili,32,SAS,0,3,1230,0.002,75,28.7,16.5,3.8,4.9,1.4,0.3,0.441,0.377,0.87,9.7,0.216,2010,San Antonio Spurs,50,0.61,15,75,2150,22.5,0.584,0.388,0.393,3.8,11.6,7.7,28.2,2.5,0.8,12.7,25.8,6.5,3.2,9.7,0.216,5.1,1.6,6.7,4.7
11,12T,Chauncey Billups,33,DEN,0,1,1230,0.001,73,34.1,19.5,3.1,5.6,1.1,0.1,0.418,0.386,0.91,9.5,0.182,2010,Denver Nuggets,53,0.646,2,73,2490,20.2,0.601,0.423,0.532,1.2,9.3,5.3,26.1,1.7,0.3,13,24.3,7.7,1.7,9.5,0.182,4.5,-0.8,3.7,3.6
12,12T,Chris Bosh,25,TOR,0,1,1230,0.001,70,36.1,24,10.8,2.4,0.6,1,0.518,0.364,0.797,9.6,0.182,2010,Toronto Raptors,40,0.488,3,70,2526,25,0.592,0.019,0.509,9.9,25.2,17.7,11.5,0.9,2.1,10.7,28.7,7.9,1.7,9.6,0.182,4.8,-1.2,3.6,3.6
15,12T,Joe Johnson,28,ATL,0,1,1230,0.001,76,38,21.3,4.6,4.9,1.1,0.1,0.458,0.369,0.818,8.4,0.14,2010,Atlanta Hawks,53,0.646,15,76,2886,19.3,0.538,0.253,0.194,3,11.4,7.1,22,1.5,0.1,8.8,26.3,6,2.4,8.4,0.14,3.4,-0.7,2.7,3.4
0,1,Derrick Rose,22,CHI,113,1182,1210,0.977,81,37.4,25,4.1,7.7,1,0.6,0.445,0.332,0.858,13.1,0.208,2011,Chicago Bulls,62,0.756,8,81,3026,23.5,0.55,0.241,0.348,3.2,9.4,6.4,38.7,1.5,1.3,13.1,32.2,8.3,4.8,13.1,0.208,6.3,0.5,6.8,6.7
1,2,Dwight Howard,25,ORL,3,643,1210,0.531,78,37.6,22.9,14.1,1.4,1.4,2.4,0.593,0,0.596,14.4,0.235,2011,Orlando Magic,52,0.634,15,78,2935,26.1,0.616,0.007,0.877,12.6,30.6,21.8,6.8,1.9,4.9,16.2,27.2,6.7,7.7,14.4,0.235,2.9,2.4,5.3,5.4
2,3,LeBron James,26,MIA,4,522,1210,0.431,79,38.8,26.7,7.5,7,1.6,0.6,0.51,0.33,0.759,15.6,0.244,2011,Miami Heat,58,0.707,14,79,3063,27.3,0.594,0.188,0.446,3.3,18.7,11.4,34.9,2.1,1.3,13.8,31.5,10.3,5.3,15.6,0.244,6.3,1.8,8.1,7.8
3,4,Kobe Bryant,32,LAL,1,428,1210,0.354,82,33.9,25.3,5.1,4.7,1.2,0.1,0.451,0.323,0.828,10.3,0.178,2011,Los Angeles Lakers,57,0.695,8,82,2779,23.9,0.548,0.217,0.356,3.5,13.3,8.5,26.7,1.9,0.3,11.4,35.1,6.8,3.5,10.3,0.178,5.4,-0.2,5.2,5
4,5,Kevin Durant,22,OKC,0,190,1210,0.157,78,38.9,27.7,6.8,2.7,1.1,1,0.462,0.35,0.88,12,0.189,2011,Oklahoma City Thunder,55,0.671,2,78,3038,23.6,0.589,0.269,0.439,2.3,17.7,10.3,13.2,1.5,1.8,10.6,30.6,8.6,3.3,12,0.189,5.2,-0.3,4.9,5.3
5,6,Dirk Nowitzki,32,DAL,0,113,1210,0.093,73,34.3,23,7,2.6,0.5,0.6,0.517,0.393,0.892,11.1,0.213,2011,Dallas Mavericks,57,0.695,15,73,2504,23.4,0.612,0.142,0.376,2.4,20.8,12,14.2,0.8,1.4,9.1,28.2,7.8,3.3,11.1,0.213,4.3,0.8,5.1,4.5
6,7,Dwyane Wade,29,MIA,0,24,1210,0.02,76,37.1,25.5,6.4,4.6,1.5,1.1,0.5,0.306,0.758,12.8,0.218,2011,Miami Heat,58,0.707,14,76,2823,25.6,0.581,0.149,0.471,5.5,14.4,10.2,23.5,2.1,2.4,12.4,31.6,8.1,4.7,12.8,0.218,5.5,1.1,6.6,6.1
7,8,Manu Ginóbili,33,SAS,0,20,1210,0.017,80,30.3,17.4,3.7,4.9,1.5,0.4,0.433,0.349,0.871,9.9,0.195,2011,San Antonio Spurs,61,0.744,14,80,2426,21.7,0.581,0.433,0.403,2.1,11.8,7.1,26.4,2.6,0.8,12.7,26,6.6,3.2,9.9,0.195,4.1,1.3,5.4,4.5
8,9,Amar'e Stoudemire,28,NYK,0,9,1210,0.007,78,36.8,25.3,8.2,2.6,0.9,1.9,0.502,0.435,0.792,8,0.134,2011,New York Knicks,42,0.512,3,78,2870,22.7,0.565,0.016,0.403,7.8,17.6,12.7,13.2,1.2,3.8,12.5,30.9,5.4,2.6,8,0.134,2,-0.6,1.4,2.4
9,10T,Blake Griffin,21,LAC,0,5,1210,0.004,82,38,22.5,12.1,3.8,0.8,0.5,0.506,0.292,0.642,9.8,0.152,2011,Los Angeles Clippers,32,0.39,11,82,3112,21.9,0.549,0.017,0.505,10.2,26.9,18.6,18.7,1,1.1,11.7,27.3,6.5,3.4,9.8,0.152,3,-0.3,2.6,3.6
10,10T,Rajon Rondo,24,BOS,0,5,1210,0.004,68,37.2,10.6,4.4,11.2,2.3,0.2,0.475,0.233,0.568,6.6,0.126,2011,Boston Celtics,56,0.683,2,68,2527,17.1,0.495,0.064,0.197,4.5,9.7,7.2,47.1,3.2,0.3,24.3,18.3,1.8,4.8,6.6,0.126,1.6,1.4,3.1,3.2
11,12,Tony Parker,28,SAS,0,3,1210,0.002,78,32.4,17.5,3.1,6.6,1.2,0,0.519,0.357,0.769,8.2,0.156,2011,San Antonio Spurs,61,0.744,14,78,2528,20.4,0.569,0.065,0.283,1.4,9.3,5.5,35.2,1.9,0.1,14.3,25.5,5.8,2.4,8.2,0.156,2.3,-0.4,1.8,2.4
12,13,Chris Paul,25,NOH,0,2,1210,0.002,80,36,15.9,4.1,9.8,2.4,0.1,0.463,0.388,0.878,13.9,0.232,2011,New Orleans Hornets,46,0.561,,80,2880,23.7,0.578,0.197,0.414,1.6,12.3,6.9,45.8,3.5,0.1,13.9,21.1,9.5,4.4,13.9,0.232,4.4,2.8,7.1,6.7
0,1,LeBron James,27,MIA,85,1074,1210,0.888,62,37.5,27.1,7.9,6.2,1.9,0.8,0.531,0.362,0.771,14.5,0.298,2012,Miami Heat,46,0.697,14,62,2326,30.7,0.605,0.127,0.429,5,19.7,12.6,33.6,2.6,1.7,13.3,32,10,4.5,14.5,0.298,8.2,2.7,10.9,7.6
1,2,Kevin Durant,23,OKC,24,889,1210,0.735,66,38.6,28,8,3.5,1.3,1.2,0.496,0.387,0.86,12.2,0.23,2012,Oklahoma City Thunder,47,0.712,2,66,2546,26.2,0.61,0.265,0.386,1.9,20.4,11.8,17.5,1.8,2.2,14,31.3,8.5,3.7,12.2,0.23,6.2,0.8,7,5.8
2,3,Chris Paul,26,LAC,6,385,1210,0.318,60,36.4,19.8,3.6,9.1,2.5,0.1,0.478,0.371,0.861,12.7,0.278,2012,Los Angeles Clippers,40,0.606,9,60,2181,27,0.581,0.239,0.339,2.3,9.4,5.8,43.8,3.8,0.2,10.8,24.3,10.4,2.3,12.7,0.278,6.7,2.4,9.2,6.1
3,4,Kobe Bryant,33,LAL,2,352,1210,0.291,58,38.5,27.9,5.4,4.6,1.2,0.3,0.43,0.303,0.845,6.2,0.132,2012,Los Angeles Lakers,41,0.621,8,58,2232,21.9,0.527,0.215,0.338,3.5,11.8,7.8,23.7,1.6,0.6,11.7,35.7,4.2,2,6.2,0.132,4.2,-0.9,3.3,2.9
4,5,Tony Parker,29,SAS,4,331,1210,0.274,60,32.1,18.3,2.9,7.7,1,0.1,0.48,0.23,0.799,7.1,0.177,2012,San Antonio Spurs,50,0.758,14,60,1923,22,0.539,0.069,0.319,1.3,8.7,5.1,40.3,1.5,0.2,13.1,27.7,5.5,1.6,7.1,0.177,3.6,-0.9,2.7,2.3
5,6,Kevin Love,23,MIN,0,58,1210,0.048,55,39,26,13.3,2,0.9,0.5,0.448,0.372,0.824,10,0.223,2012,Minnesota Timberwolves,26,0.394,6,55,2145,25.4,0.568,0.266,0.434,11.6,26.4,19,10,1.1,0.9,9.2,28.8,7.6,2.3,10,0.223,6.1,-0.9,5.2,3.9
6,7,Dwight Howard,26,ORL,0,13,1210,0.011,54,38.3,20.6,14.5,1.9,1.5,2.1,0.573,0,0.491,7.7,0.179,2012,Orlando Magic,37,0.561,,54,2070,24.2,0.569,0.01,0.788,11,33.1,21.9,9.8,2.1,4.4,15.2,26.1,3.3,4.4,7.7,0.179,2.2,2,4.3,3.3
7,8,Rajon Rondo,25,BOS,0,12,1210,0.01,53,36.9,11.9,4.8,11.7,1.8,0.1,0.448,0.238,0.597,4.9,0.121,2012,Boston Celtics,39,0.591,2,53,1957,17.5,0.483,0.073,0.316,3.9,11.2,7.7,52.5,2.6,0.1,22.8,20.7,1.5,3.4,4.9,0.121,1.5,0.6,2.2,2.1
8,9,Steve Nash,37,PHO,0,7,1210,0.006,62,31.6,12.5,3,10.7,0.6,0.1,0.532,0.39,0.894,5.9,0.144,2012,Phoenix Suns,33,0.5,10,62,1961,20.3,0.625,0.254,0.256,1.5,9.1,5.3,53.1,1,0.3,27.1,19.6,5.2,0.6,5.9,0.144,4.7,-1.2,3.4,2.7
9,10,Dwyane Wade,30,MIA,0,6,1210,0.005,49,33.2,22.1,4.8,4.6,1.7,1.3,0.497,0.268,0.791,7.7,0.227,2012,Miami Heat,46,0.697,14,49,1625,26.3,0.559,0.067,0.355,5.6,11.6,8.7,27.3,2.7,3.1,11.8,31.3,4.8,2.9,7.7,0.227,6,1.9,7.9,4
10,11,Derrick Rose,23,CHI,0,5,1210,0.004,39,35.3,21.8,3.4,7.9,0.9,0.7,0.435,0.312,0.812,6,0.211,2012,Chicago Bulls,50,0.758,8,39,1375,23,0.532,0.249,0.344,2.1,8.4,5.3,40.3,1.4,1.4,12.9,30.5,4.1,2,6,0.211,6.1,0.3,6.4,2.9
11,12T,Dirk Nowitzki,33,DAL,0,4,1210,0.003,62,33.5,21.6,6.7,2.2,0.7,0.5,0.457,0.368,0.896,7.6,0.175,2012,Dallas Mavericks,36,0.545,,62,2079,21.7,0.564,0.205,0.343,2.5,19.9,11.3,12.6,1.1,1.2,9,29.2,5,2.6,7.6,0.175,3.7,0.1,3.7,3
12,12T,Russell Westbrook,23,OKC,0,4,1210,0.003,66,35.3,23.6,4.6,5.5,1.7,0.3,0.457,0.316,0.823,7.9,0.163,2012,Oklahoma City Thunder,47,0.712,2,66,2331,22.9,0.538,0.155,0.326,5,9.4,7.4,29.8,2.5,0.7,14.2,32.7,5.5,2.4,7.9,0.163,3.7,-0.7,3,3
13,14,Tim Duncan,35,SAS,0,3,1210,0.002,58,28.2,15.4,9,2.3,0.7,1.5,0.492,0,0.695,5.9,0.174,2012,San Antonio Spurs,50,0.758,14,58,1634,22.5,0.531,0.005,0.34,7.9,28.2,18.3,13.5,1.2,3.9,10.3,26.2,3,2.9,5.9,0.174,2,1.3,3.3,2.2
14,15,Joe Johnson,30,ATL,0,1,1210,0.001,60,35.5,18.8,3.7,3.9,0.8,0.2,0.454,0.388,0.849,6.4,0.145,2012,Atlanta Hawks,40,0.606,15,60,2127,18.4,0.557,0.346,0.2,2.9,9.2,6.1,19.7,1.2,0.5,10.3,24.9,4.4,2.1,6.4,0.145,3.1,-1,2.1,2.2
0,1,LeBron James,28,MIA,120,1207,1210,0.998,76,37.9,26.8,8,7.3,1.7,0.9,0.565,0.406,0.753,19.3,0.322,2013,Miami Heat,66,0.805,14,76,2877,31.6,0.64,0.188,0.395,4.4,20.8,13.1,36.4,2.4,1.9,12.4,30.2,14.6,4.7,19.3,0.322,9.3,2.4,11.7,9.9
1,2,Kevin Durant,24,OKC,0,765,1210,0.632,81,38.5,28.1,7.9,4.6,1.4,1.3,0.51,0.416,0.905,18.9,0.291,2013,Oklahoma City Thunder,60,0.732,2,81,3119,28.3,0.647,0.233,0.523,1.8,20.3,11.8,21.7,1.9,2.6,13.7,29.8,13.6,5.3,18.9,0.291,7.6,1.7,9.3,8.9
2,3,Carmelo Anthony,28,NYK,1,475,1210,0.393,67,37,28.7,6.9,2.6,0.8,0.5,0.449,0.379,0.83,9.5,0.184,2013,New York Knicks,54,0.659,2,67,2482,24.8,0.56,0.278,0.344,6.1,15.9,10.8,14.1,1.1,1.1,9.3,35.6,7.5,2,9.5,0.184,6,-1.7,4.3,3.9
3,4,Chris Paul,27,LAC,0,289,1210,0.239,70,33.4,16.9,3.7,9.7,2.4,0.1,0.481,0.328,0.885,13.9,0.287,2013,Los Angeles Clippers,56,0.683,8,70,2335,26.4,0.594,0.271,0.377,2.8,10.5,6.7,46.5,3.8,0.4,13.7,22.6,10.6,3.4,13.9,0.287,6.4,2.4,8.8,6.4
4,5,Kobe Bryant,34,LAL,0,184,1210,0.152,78,38.6,27.3,5.6,6,1.4,0.3,0.463,0.324,0.839,10.9,0.174,2013,Los Angeles Lakers,45,0.549,10,78,3013,23,0.57,0.255,0.392,2.5,13.1,7.9,29.7,1.8,0.6,13.3,31.9,8.4,2.6,10.9,0.174,4.7,-0.1,4.6,5
5,6,Tony Parker,30,SAS,0,86,1210,0.071,66,32.9,20.3,3,7.6,0.8,0.1,0.522,0.353,0.845,9.3,0.206,2013,San Antonio Spurs,58,0.707,14,66,2174,23,0.588,0.068,0.332,1,9.1,5.3,40.4,1.3,0.2,13,27.7,7.1,2.3,9.3,0.206,4.1,-0.5,3.6,3.1
6,7,Tim Duncan,36,SAS,0,65,1210,0.054,69,30.1,17.8,9.9,2.7,0.7,2.7,0.502,0.286,0.817,8.3,0.191,2013,San Antonio Spurs,58,0.707,14,69,2078,24.4,0.554,0.007,0.307,7.3,29.6,19.1,15.5,1.2,6.4,11.7,27.8,3.4,4.9,8.3,0.191,2.4,2.9,5.3,3.8
7,8,James Harden,23,HOU,0,33,1210,0.027,78,38.3,25.9,4.9,5.8,1.8,0.5,0.438,0.368,0.851,12.8,0.206,2013,Houston Rockets,45,0.549,,78,2985,22.9,0.6,0.364,0.592,2.4,11.9,7.2,25.7,2.4,1,14.9,29,9.8,3,12.8,0.206,5.2,0.5,5.6,5.8
8,9,Russell Westbrook,24,OKC,0,9,1210,0.007,82,34.9,23.2,5.2,7.4,1.8,0.3,0.438,0.323,0.8,11.6,0.195,2013,Oklahoma City Thunder,60,0.732,2,82,2861,23.9,0.532,0.195,0.375,4.8,11.8,8.6,38.4,2.6,0.6,13.2,32.8,7.7,3.9,11.6,0.195,4.6,-0.2,4.4,4.6
9,10,Dwyane Wade,31,MIA,0,5,1210,0.004,69,34.7,21.2,5,5.1,1.9,0.8,0.521,0.258,0.725,9.6,0.192,2013,Miami Heat,66,0.805,14,69,2391,24,0.571,0.06,0.389,4.7,12.6,8.9,26.6,2.8,1.9,13.2,29.5,6.1,3.5,9.6,0.192,3.7,0.7,4.4,3.8
10,11,Stephen Curry,24,GSW,0,3,1210,0.002,78,38.2,22.9,4,6.9,1.6,0.2,0.451,0.453,0.9,11.2,0.18,2013,Golden State Warriors,47,0.573,9,78,2983,21.3,0.589,0.432,0.21,2.3,9.1,5.8,31.1,2.1,0.3,13.7,26.4,8.4,2.8,11.2,0.18,5.3,0.1,5.4,5.6
11,12T,Kevin Garnett,36,BOS,0,1,1210,0.001,68,29.7,14.8,7.8,2.3,1.1,0.9,0.496,0.125,0.786,5.6,0.133,2013,Boston Celtics,41,0.506,4,68,2022,19.2,0.535,0.019,0.236,4.5,25.8,15.5,14.4,2,2.4,10.5,24.5,1.8,3.8,5.6,0.133,0.9,1.7,2.6,2.3
12,12T,Marc Gasol,28,MEM,0,1,1210,0.001,80,35,14.1,7.8,4,1,1.7,0.494,0.071,0.848,11.5,0.197,2013,Memphis Grizzlies,56,0.683,15,80,2796,19.5,0.559,0.016,0.364,7.6,18.9,13.1,19.1,1.6,4.1,13.5,19.2,6.1,5.4,11.5,0.197,2.1,3.1,5.2,5.1
13,12T,Ty Lawson,25,DEN,0,1,1210,0.001,73,34.4,16.7,2.7,6.9,1.5,0.1,0.461,0.366,0.756,7.4,0.141,2013,Denver Nuggets,57,0.695,3,73,2513,17.9,0.549,0.239,0.32,1.6,7.1,4.4,30.2,2.1,0.2,14.1,22.3,5.6,1.8,7.4,0.141,2.5,-0.5,2,2.5
14,12T,David Lee,29,GSW,0,1,1210,0.001,79,36.8,18.5,11.2,3.5,0.8,0.3,0.519,0,0.797,9.1,0.15,2013,Golden State Warriors,47,0.573,9,79,2907,19.2,0.561,0.003,0.276,8.5,24.5,16.8,16.5,1.2,0.6,13.7,23.2,5.4,3.7,9.1,0.15,1.4,0.4,1.8,2.8
15,12T,Joakim Noah,27,CHI,0,1,1210,0.001,66,36.8,11.9,11.1,4,1.2,2.1,0.481,0,0.751,7.3,0.145,2013,Chicago Bulls,45,0.549,9,66,2426,18.1,0.534,0.008,0.376,12.2,22.6,17.3,17.6,1.7,4.4,19.3,17.2,2.7,4.7,7.3,0.145,0.6,2.7,3.4,3.3
0,1,Kevin Durant,25,OKC,119,1232,1250,0.986,81,38.5,32,7.4,5.5,1.3,0.7,0.503,0.391,0.873,19.2,0.295,2014,Oklahoma City Thunder,59,0.72,2,81,3122,29.8,0.635,0.291,0.477,2.2,18.6,10.8,26.7,1.7,1.5,12.2,33,14.8,4.4,19.2,0.295,8.8,1.4,10.2,9.6
1,2,LeBron James,29,MIA,6,891,1250,0.713,77,37.7,27.1,6.9,6.3,1.6,0.3,0.567,0.379,0.75,15.9,0.264,2014,Miami Heat,54,0.659,14,77,2902,29.3,0.649,0.226,0.432,3.6,18.9,11.5,32,2.2,0.8,14.4,31,12.3,3.7,15.9,0.264,7.8,1.1,8.8,7.9
2,3,Blake Griffin,24,LAC,0,434,1250,0.347,80,35.8,24.1,9.5,3.9,1.2,0.6,0.528,0.273,0.715,12.2,0.205,2014,Los Angeles Clippers,57,0.695,8,80,2863,23.9,0.583,0.032,0.496,7.7,21.2,14.7,19.2,1.6,1.4,11.9,29,8.1,4.1,12.2,0.205,3.8,0.7,4.5,4.7
3,4,Joakim Noah,28,CHI,0,322,1250,0.258,80,35.3,12.6,11.3,5.4,1.2,1.5,0.475,0,0.737,11.2,0.19,2014,Chicago Bulls,48,0.585,9,80,2820,20,0.531,0.003,0.419,11.6,24.5,18.2,26.4,1.9,3.3,17,18.7,4.5,6.6,11.2,0.19,1.7,3.6,5.3,5.2
4,5,James Harden,24,HOU,0,85,1250,0.068,73,38,25.4,4.7,6.1,1.6,0.4,0.456,0.366,0.866,12.8,0.221,2014,Houston Rockets,54,0.659,15,73,2777,23.5,0.618,0.401,0.552,2.6,10.7,6.9,27.3,2.1,0.8,15,27.8,10.1,2.7,12.8,0.221,5.4,0.2,5.6,5.3
5,6,Stephen Curry,25,GSW,0,66,1250,0.053,78,36.5,24,4.3,8.5,1.6,0.2,0.471,0.424,0.885,13.4,0.225,2014,Golden State Warriors,51,0.622,9,78,2846,24.1,0.61,0.445,0.252,1.8,10.9,6.4,39.9,2.2,0.4,16.1,28.3,9.3,4,13.4,0.225,6.3,1.1,7.4,6.7
6,7,Chris Paul,28,LAC,0,45,1250,0.036,62,35,19.1,4.3,10.7,2.5,0.1,0.467,0.368,0.855,12.2,0.27,2014,Los Angeles Clippers,57,0.695,8,62,2171,25.9,0.58,0.244,0.397,2,11.4,6.9,48.9,3.5,0.1,12.4,23.7,9,3.2,12.2,0.27,6,2.6,8.6,5.8
7,8,Al Jefferson,29,CHA,0,34,1250,0.027,73,35,21.8,10.8,2.1,0.9,1.1,0.509,0.2,0.69,7.8,0.146,2014,Charlotte Bobcats,43,0.524,,73,2553,22.7,0.532,0.011,0.201,6.9,28.3,17.5,12.8,1.4,2.4,7.6,29.3,3.1,4.7,7.8,0.146,2.2,0.5,2.7,3
8,9,Paul George,23,IND,0,33,1250,0.026,80,36.2,21.7,6.8,3.5,1.9,0.3,0.424,0.364,0.864,10.8,0.178,2014,Indiana Pacers,56,0.683,8,80,2898,20.1,0.555,0.367,0.341,2.6,17.7,10.5,17.9,2.7,0.6,12.5,28.3,4.4,6.4,10.8,0.178,2.7,2.1,4.9,5
9,10,LaMarcus Aldridge,28,POR,0,26,1250,0.021,69,36.2,23.2,11.1,2.6,0.9,1,0.458,0.2,0.822,7.5,0.144,2014,Portland Trail Blazers,54,0.659,3,69,2498,21.8,0.507,0.011,0.253,7.2,25.5,16.5,13,1.3,1.9,7.2,29.8,4,3.5,7.5,0.144,2.3,0.1,2.3,2.7
10,11,Kevin Love,25,MIN,0,25,1250,0.02,77,36.3,26.1,12.5,4.4,0.8,0.5,0.457,0.376,0.821,14.3,0.245,2014,Minnesota Timberwolves,40,0.488,4,77,2797,26.9,0.591,0.355,0.445,8.5,29.5,18.7,21.4,1,1,10.3,28.8,10.6,3.7,14.3,0.245,8.3,0.6,8.9,7.7
11,12T,Tim Duncan,37,SAS,0,21,1250,0.017,74,29.2,15.1,9.7,3,0.6,1.9,0.49,0,0.731,7.4,0.164,2014,San Antonio Spurs,62,0.756,14,74,2158,21.3,0.535,0.006,0.349,8.6,28.3,18.8,16,1,4.6,13.2,25.2,2.8,4.6,7.4,0.164,1.2,2.1,3.3,2.9
12,12T,Tony Parker,31,SAS,0,21,1250,0.017,68,29.4,16.7,2.3,5.7,0.5,0.1,0.499,0.373,0.811,5.9,0.141,2014,San Antonio Spurs,62,0.756,14,68,1997,18.9,0.555,0.073,0.266,1,7.5,4.4,31.7,0.9,0.3,12.9,26.5,3.9,1.9,5.9,0.141,2,-1.2,0.9,1.5
13,14,Dirk Nowitzki,35,DAL,0,7,1250,0.006,80,32.9,21.7,6.2,2.7,0.9,0.6,0.497,0.398,0.899,10.9,0.199,2014,Dallas Mavericks,49,0.598,,80,2628,23.6,0.603,0.258,0.295,1.8,20,10.9,14.2,1.4,1.4,7.5,26.9,8.6,2.3,10.9,0.199,5,0,5,4.7
14,15,Carmelo Anthony,29,NYK,0,4,1250,0.003,77,38.7,27.4,8.1,3.1,1.2,0.7,0.452,0.402,0.848,10.7,0.172,2014,New York Knicks,37,0.451,4,77,2982,24.4,0.561,0.253,0.329,5.6,19.4,12.3,15.8,1.7,1.5,9.5,32.4,8.1,2.5,10.7,0.172,5.8,-0.8,5,5.3
15,16,Goran Dragić,27,PHO,0,3,1250,0.002,76,35.1,20.3,3.2,5.9,1.4,0.3,0.505,0.408,0.76,10.3,0.186,2014,Phoenix Suns,48,0.585,10,76,2668,21.4,0.604,0.274,0.381,2.9,7.4,5.2,28.1,2,0.6,14.3,24.5,8.4,2,10.3,0.186,4.1,-0.2,3.9,4
16,17,Mike Conley,26,MEM,0,1,1250,0.001,73,33.5,17.2,2.9,6,1.5,0.2,0.45,0.361,0.815,8.2,0.161,2014,Memphis Grizzlies,50,0.61,,73,2446,20,0.545,0.283,0.268,2,8.4,5.2,30.1,2.4,0.4,11.5,24.6,5.5,2.7,8.2,0.161,3.4,0.3,3.8,3.6
0,1,Stephen Curry,26,GSW,100,1198,1300,0.922,80,32.7,23.8,4.3,7.7,2,0.2,0.487,0.443,0.914,15.7,0.288,2015,Golden State Warriors,67,0.817,8,80,2613,28,0.638,0.482,0.251,2.4,11.4,7,38.6,3,0.5,14.3,28.9,11.5,4.1,15.7,0.288,8.2,1.7,9.9,7.9
1,2,James Harden,25,HOU,25,936,1300,0.72,81,36.8,27.4,5.7,7,1.9,0.7,0.44,0.375,0.868,16.4,0.265,2015,Houston Rockets,56,0.683,14,81,2981,26.7,0.605,0.378,0.561,2.8,14.2,8.5,34.6,2.6,1.6,14.9,31.3,12.2,4.2,16.4,0.265,7,1.8,8.8,8.1
2,3,LeBron James,30,CLE,5,552,1300,0.425,69,36.1,25.3,6,7.4,1.6,0.7,0.488,0.354,0.71,10.4,0.199,2015,Cleveland Cavaliers,53,0.646,8,69,2493,25.9,0.577,0.265,0.413,2.4,16.6,9.6,38.6,2.3,1.6,15.3,32.3,7.4,2.9,10.4,0.199,6.1,1,7.1,5.7
3,4,Russell Westbrook,26,OKC,0,352,1300,0.271,67,34.4,28.1,7.3,8.6,2.1,0.2,0.426,0.299,0.835,10.6,0.222,2015,Oklahoma City Thunder,45,0.549,3,67,2302,29.1,0.536,0.196,0.445,5.9,16.7,11.4,47,3,0.5,14.3,38.4,7.5,3.2,10.6,0.222,6.9,1.2,8.1,5.8
4,5,Anthony Davis,21,NOP,0,203,1300,0.156,68,36.1,24.4,10.2,2.2,1.5,2.9,0.535,0.083,0.805,14,0.274,2015,New Orleans Pelicans,45,0.549,,68,2455,30.8,0.591,0.01,0.384,8,24.1,16.1,11.6,2.1,6.2,6.3,27.8,9.9,4.2,14,0.274,6.6,2.3,8.9,6.7
5,6,Chris Paul,29,LAC,0,124,1300,0.095,82,34.8,19.1,4.6,10.2,1.9,0.2,0.485,0.398,0.9,16.1,0.27,2015,Los Angeles Clippers,56,0.683,9,82,2857,26,0.596,0.298,0.274,2.1,12.5,7.4,47.4,2.8,0.4,12.7,23.7,12.9,3.2,16.1,0.27,6.4,1.6,8,7.2
6,7,LaMarcus Aldridge,29,POR,0,6,1300,0.005,71,35.4,23.4,10.2,1.7,0.7,1,0.466,0.352,0.845,8.6,0.165,2015,Portland Trail Blazers,51,0.622,2,71,2512,22.8,0.528,0.074,0.256,7.7,22.9,15.5,9.2,1,1.9,7.2,30.2,4.9,3.7,8.6,0.165,3.2,-0.3,2.9,3.1
7,8T,Marc Gasol,30,MEM,0,3,1300,0.002,81,33.2,17.4,7.8,3.8,0.9,1.6,0.494,0.176,0.795,10.2,0.182,2015,Memphis Grizzlies,55,0.671,15,81,2687,21.7,0.558,0.016,0.41,4.9,21.8,13.4,19.7,1.4,4,12.2,24.6,5.5,4.7,10.2,0.182,2.7,2.4,5.1,4.8
8,8T,Blake Griffin,25,LAC,0,3,1300,0.002,67,35.2,21.9,7.6,5.3,0.9,0.5,0.502,0.4,0.728,9,0.183,2015,Los Angeles Clippers,56,0.683,9,67,2356,22.8,0.551,0.022,0.373,6.1,17.9,12.1,26.2,1.4,1.2,10.2,28.4,6.6,2.4,9,0.183,3.8,0.2,4,3.6
9,10T,Tim Duncan,38,SAS,0,1,1300,0.001,77,28.9,13.9,9.1,3,0.8,2,0.512,0.286,0.74,9.6,0.207,2015,San Antonio Spurs,55,0.671,,77,2227,22.6,0.56,0.009,0.38,8.8,26.7,17.9,16.8,1.4,5.1,12.1,22.2,4.9,4.7,9.6,0.207,2.3,2.8,5.1,4
10,10T,Kawhi Leonard,23,SAS,0,1,1300,0.001,64,31.8,16.5,7.2,2.5,2.3,0.8,0.479,0.349,0.802,8.6,0.204,2015,San Antonio Spurs,55,0.671,,64,2033,22,0.567,0.234,0.307,4.8,20.6,12.9,13,3.7,1.8,9.4,23,4.2,4.4,8.6,0.204,2.8,3.1,5.9,4.1
11,10T,Klay Thompson,24,GSW,0,1,1300,0.001,77,31.9,21.7,3.2,2.9,1.1,0.8,0.463,0.439,0.879,8.8,0.172,2015,Golden State Warriors,67,0.817,8,77,2455,20.8,0.591,0.42,0.197,1.2,9.4,5.4,14.6,1.7,1.8,9.5,27.6,5.7,3.1,8.8,0.172,4.5,-0.1,4.4,4
0,1,Stephen Curry,27,GSW,131,1310,1310,1,79,34.2,30.1,5.4,6.7,2.1,0.2,0.504,0.454,0.908,17.9,0.318,2016,Golden State Warriors,73,0.89,1,79,2700,31.5,0.669,0.554,0.25,2.9,13.6,8.6,33.7,3,0.4,12.9,32.6,13.8,4.1,17.9,0.318,10.3,1.6,11.9,9.5
1,2,Kawhi Leonard,24,SAS,0,634,1310,0.484,72,33.1,21.2,6.8,2.6,1.8,1,0.506,0.443,0.874,13.7,0.277,2016,San Antonio Spurs,67,0.817,2,72,2380,26,0.616,0.267,0.306,4.7,18.4,11.8,13,2.8,2.3,7.8,25.8,8.3,5.5,13.7,0.277,6.1,3,9.1,6.7
2,3,LeBron James,31,CLE,0,631,1310,0.482,76,35.6,25.3,7.4,6.8,1.4,0.6,0.52,0.309,0.731,13.6,0.242,2016,Cleveland Cavaliers,57,0.695,1,76,2709,27.5,0.588,0.199,0.347,4.7,18.8,11.8,36,2,1.5,13.2,31.4,9.6,4,13.6,0.242,7,2,9,7.5
3,4,Russell Westbrook,27,OKC,0,486,1310,0.371,80,34.4,23.5,7.8,10.4,2,0.3,0.454,0.296,0.812,14,0.245,2016,Oklahoma City Thunder,55,0.671,3,80,2750,27.6,0.554,0.236,0.397,6.1,18.1,12.4,49.6,2.9,0.6,16.8,31.6,10,4,14,0.245,6.4,1.4,7.8,6.8
4,5,Kevin Durant,27,OKC,0,147,1310,0.112,72,35.8,28.2,8.2,5,1,1.2,0.505,0.387,0.898,14.5,0.27,2016,Oklahoma City Thunder,55,0.671,3,72,2578,28.2,0.634,0.348,0.361,2,21.8,12.4,24.2,1.3,2.5,13.5,30.6,11,3.5,14.5,0.27,8.4,1.6,9.9,7.8
5,6,Chris Paul,30,LAC,0,107,1310,0.082,74,32.7,19.5,4.2,10,2.1,0.2,0.462,0.371,0.896,12.7,0.253,2016,Los Angeles Clippers,53,0.646,4,74,2420,26.2,0.575,0.295,0.294,1.8,12,7,52.7,3.1,0.4,13.4,27.1,9.2,3.5,12.7,0.253,5.9,2,7.9,6
6,7,Draymond Green,25,GSW,0,50,1310,0.038,81,34.7,14,9.5,7.4,1.5,1.4,0.49,0.388,0.696,11.1,0.19,2016,Golden State Warriors,73,0.89,1,81,2808,19.3,0.587,0.315,0.402,5.5,23,14.7,29,2,3,21.2,18.8,6,5.1,11.1,0.19,2.6,2.9,5.5,5.3
7,8,Damian Lillard,25,POR,0,26,1310,0.02,75,35.7,25.1,4,6.8,0.9,0.4,0.419,0.375,0.892,9.2,0.165,2016,Portland Trail Blazers,44,0.537,5,75,2676,22.2,0.56,0.414,0.315,1.8,10.4,6.1,33.6,1.2,0.8,12.6,31.3,7.7,1.4,9.2,0.165,5.7,-1.3,4.4,4.3
8,9,James Harden,26,HOU,0,9,1310,0.007,82,38.1,29,6.1,7.5,1.7,0.6,0.439,0.359,0.86,13.3,0.204,2016,Houston Rockets,41,0.5,8,82,3125,25.3,0.598,0.406,0.518,2.2,15.6,8.8,35.4,2.2,1.4,15.9,32.5,10.7,2.6,13.3,0.204,6.4,0.2,6.6,6.8
9,10,Kyle Lowry,29,TOR,0,6,1310,0.005,77,37,21.2,4.7,6.4,2.1,0.4,0.427,0.388,0.811,11.6,0.196,2016,Toronto Raptors,56,0.683,2,77,2851,22.2,0.578,0.457,0.41,2.2,12.3,7.3,29.9,2.9,1,13.7,26.1,8,3.7,11.6,0.196,4.7,1.1,5.8,5.7
0,1,Russell Westbrook,28,OKC,69,888,1010,0.879,81,34.6,31.6,10.7,10.4,1.6,0.4,0.425,0.343,0.845,13.1,0.224,2017,Oklahoma City Thunder,47,0.573,6,81,2802,30.6,0.554,0.3,0.433,5.4,28.8,17.1,57.3,2.3,0.9,15.9,41.7,8.5,4.6,13.1,0.224,8.7,2.4,11.1,9.3
1,2,James Harden,27,HOU,22,753,1010,0.746,81,36.4,29.1,8.1,11.2,1.5,0.5,0.44,0.347,0.847,15,0.245,2017,Houston Rockets,55,0.671,3,81,2947,27.4,0.613,0.493,0.575,3.5,20.9,12.2,50.7,2,1,19.5,34.2,11.5,3.6,15,0.245,7.5,1.2,8.7,8
2,3,Kawhi Leonard,25,SAS,9,500,1010,0.495,74,33.4,25.5,5.8,3.5,1.8,0.7,0.485,0.38,0.88,13.6,0.264,2017,San Antonio Spurs,61,0.744,2,74,2474,27.6,0.61,0.295,0.406,3.7,15.7,9.8,18.9,2.7,1.8,9.1,31.1,8.9,4.7,13.6,0.264,7.1,2.2,9.4,7.1
3,4,LeBron James,32,CLE,1,333,1010,0.33,74,37.8,26.4,8.6,8.7,1.2,0.6,0.548,0.363,0.674,12.9,0.221,2017,Cleveland Cavaliers,51,0.622,2,74,2794,27,0.619,0.254,0.395,4,20.7,12.6,41.3,1.6,1.3,16.1,30,9.8,3,12.9,0.221,6.4,1.2,7.6,6.7
4,5,Isaiah Thomas,27,BOS,0,81,1010,0.08,76,33.8,28.9,2.7,5.9,0.9,0.2,0.463,0.379,0.909,12.5,0.234,2017,Boston Celtics,53,0.646,1,76,2569,26.5,0.625,0.439,0.441,1.9,7,4.4,32.5,1.4,0.4,10.7,34,10.9,1.6,12.5,0.234,7.8,-1.1,6.7,5.6
5,6,Stephen Curry,28,GSW,0,52,1010,0.051,79,33.4,25.3,4.5,6.6,1.8,0.2,0.468,0.411,0.898,12.6,0.229,2017,Golden State Warriors,67,0.817,1,79,2638,24.6,0.624,0.547,0.251,2.7,11.4,7.3,31.2,2.6,0.5,13,30.1,8.7,3.9,12.6,0.229,6.7,0.3,6.9,5.9
6,7T,Giannis Antetokounmpo,22,MIL,0,7,1010,0.007,80,35.6,22.9,8.8,5.4,1.6,1.9,0.521,0.272,0.77,12.4,0.21,2017,Milwaukee Bucks,42,0.512,6,80,2845,26.1,0.599,0.143,0.486,5.9,22.6,14.3,26.6,2.3,4.7,13.3,28.3,7.9,4.5,12.4,0.21,4.9,2.4,7.3,6.7
7,7T,John Wall,26,WAS,0,7,1010,0.007,78,36.4,23.1,4.2,10.7,2,0.6,0.451,0.327,0.801,8.8,0.149,2017,Washington Wizards,49,0.598,4,78,2836,23.2,0.541,0.19,0.367,2.4,10.6,6.5,46.9,2.7,1.4,16.2,30.6,5.8,3,8.8,0.149,4.6,0.1,4.7,4.8
8,9T,Anthony Davis,23,NOP,0,2,1010,0.002,75,36.1,28,11.8,2.1,1.3,2.2,0.505,0.299,0.802,11,0.195,2017,New Orleans Pelicans,34,0.415,10,75,2708,27.5,0.58,0.088,0.424,6.7,27.9,17.2,11.1,1.7,5.1,9.1,32.6,5.9,5.1,11,0.195,4.4,1.4,5.9,5.4
9,9T,Kevin Durant,28,GSW,0,2,1010,0.002,62,33.4,25.1,8.3,4.8,1.1,1.6,0.537,0.375,0.875,12,0.278,2017,Golden State Warriors,67,0.817,1,62,2070,27.6,0.651,0.304,0.374,2.2,23.6,13.6,23.1,1.5,3.8,10.4,27.8,8,4,12,0.278,6.7,2.2,8.9,5.7
10,11,DeMar DeRozan,27,TOR,0,1,1010,0.001,74,35.4,27.3,5.2,3.9,1.1,0.2,0.467,0.266,0.842,9,0.166,2017,Toronto Raptors,51,0.622,3,74,2620,24,0.552,0.08,0.419,3,13.6,8.3,20.6,1.5,0.4,9,34.3,6.7,2.4,9,0.166,4.1,-1,3,3.3
0,1,James Harden,28,HOU,86,965,1010,0.955,72,35.4,30.4,5.4,8.8,1.8,0.7,0.449,0.367,0.858,15.4,0.289,2018,Houston Rockets,65,0.793,1,72,2551,29.8,0.619,0.498,0.502,1.8,15.2,8.6,45.1,2.4,1.7,15.1,36.1,11.6,3.8,15.4,0.289,8.5,1.4,9.9,7.7
1,2,LeBron James,33,CLE,15,738,1010,0.731,82,36.9,27.5,8.6,9.1,1.4,0.9,0.542,0.367,0.731,14,0.221,2018,Cleveland Cavaliers,50,0.61,4,82,3026,28.6,0.621,0.257,0.336,3.7,22.3,13.1,44.4,1.9,2,16.1,31.6,11,3,14,0.221,7.3,1.4,8.7,8.2
2,3,Anthony Davis,24,NOP,0,445,1010,0.441,75,36.4,28.1,11.1,2.3,1.5,2.6,0.534,0.34,0.828,13.7,0.241,2018,New Orleans Pelicans,48,0.585,6,75,2727,28.9,0.612,0.111,0.409,7.7,24.8,16.5,10.8,2,5.6,8.6,30,8.8,4.9,13.7,0.241,5.3,1.4,6.7,5.9
3,4,Damian Lillard,27,POR,0,207,1010,0.205,73,36.6,26.9,4.5,6.6,1.1,0.4,0.439,0.361,0.916,12.6,0.227,2018,Portland Trail Blazers,49,0.598,3,73,2670,25.2,0.594,0.445,0.38,2.6,10.6,6.6,30.9,1.4,0.8,11.1,30.6,9.9,2.7,12.6,0.227,7,0.3,7.2,6.3
4,5,Russell Westbrook,29,OKC,0,76,1010,0.075,80,36.4,25.4,10.1,10.3,1.8,0.3,0.449,0.298,0.737,10.1,0.166,2018,Oklahoma City Thunder,48,0.585,4,80,2914,24.7,0.524,0.193,0.336,5.6,25.7,15.3,49.8,2.5,0.6,16.4,34.1,5.5,4.5,10.1,0.166,4.8,1.5,6.3,6.1
5,6,Giannis Antetokounmpo,23,MIL,0,75,1010,0.074,75,36.7,26.9,10,4.8,1.5,1.4,0.529,0.307,0.76,11.9,0.207,2018,Milwaukee Bucks,44,0.537,7,75,2756,27.3,0.598,0.1,0.457,6.7,25.3,16,23.7,2,3.3,11.7,31.2,8.3,3.6,11.9,0.207,5.3,0.9,6.2,5.7
6,7,Kevin Durant,29,GSW,0,66,1010,0.065,68,34.2,26.4,6.8,5.4,0.7,1.8,0.516,0.419,0.889,10.4,0.215,2018,Golden State Warriors,58,0.707,2,68,2325,26,0.64,0.338,0.331,1.6,19.5,11.2,25.5,1,4,12.9,30.4,7.5,2.9,10.4,0.215,6.7,0.6,7.3,5.5
7,8,DeMar DeRozan,28,TOR,0,32,1010,0.032,80,33.9,23,3.9,5.2,1.1,0.3,0.456,0.31,0.825,9.6,0.17,2018,Toronto Raptors,59,0.72,1,80,2711,21,0.555,0.203,0.396,2.5,10.4,6.5,25,1.5,0.6,9.5,29.6,6.8,2.8,9.6,0.17,3.3,-0.6,2.8,3.2
8,9,LaMarcus Aldridge,32,SAS,0,6,1010,0.006,75,33.5,23.1,8.5,2,0.6,1.2,0.51,0.293,0.837,10.9,0.209,2018,San Antonio Spurs,47,0.573,7,75,2509,25,0.57,0.068,0.296,10.8,17.3,14,11.3,0.9,3,6.8,29.1,7.4,3.6,10.9,0.209,4.3,-0.4,3.9,3.7
9,10T,Jimmy Butler,28,MIN,0,5,1010,0.005,59,36.7,22.2,5.3,4.9,2,0.4,0.474,0.35,0.854,8.9,0.198,2018,Minnesota Timberwolves,47,0.573,8,59,2164,23.7,0.59,0.217,0.461,4.2,12.7,8.4,20.6,2.7,1,8.9,24.9,7.1,1.8,8.9,0.198,5,0.7,5.8,4.2
10,10T,Stephen Curry,29,GSW,0,5,1010,0.005,51,32,26.4,5.1,6.1,1.6,0.2,0.495,0.423,0.921,9.1,0.267,2018,Golden State Warriors,58,0.707,2,51,1631,28.2,0.675,0.58,0.35,2.7,14.4,9,30.3,2.4,0.4,13.3,31,7.2,1.8,9.1,0.267,7.8,0,7.7,4
11,12,Joel Embiid,23,PHI,0,4,1010,0.004,63,30.3,22.9,11,3.2,0.6,1.8,0.483,0.308,0.769,6.2,0.155,2018,Philadelphia 76ers,52,0.634,3,63,1912,22.9,0.573,0.203,0.442,8.4,29.7,19.4,18,1,4.8,15.6,33.4,2.3,3.8,6.2,0.155,2,1.3,3.3,2.6
12,13,Victor Oladipo,25,IND,0,2,1010,0.002,75,34,23.1,5.2,4.3,2.4,0.8,0.477,0.371,0.799,8.2,0.155,2018,Indiana Pacers,48,0.585,5,75,2552,23.1,0.577,0.323,0.274,2.1,15.1,8.6,21.2,3.5,2,12.7,30.1,4.3,4,8.2,0.155,4.1,1.7,5.8,5
0,1,Giannis Antetokounmpo,24,MIL,78,941,1010,0.932,72,32.8,27.7,12.5,5.9,1.3,1.5,0.578,0.256,0.729,14.4,0.292,2019,Milwaukee Bucks,60,0.732,1,72,2358,30.9,0.644,0.163,0.55,7.3,30,19.3,30.3,1.8,3.9,14.8,32.3,8.9,5.5,14.4,0.292,6.3,4.1,10.4,7.4
1,2,James Harden,29,HOU,23,776,1010,0.768,78,36.8,36.1,6.6,7.5,2,0.7,0.442,0.368,0.879,15.2,0.254,2019,Houston Rockets,53,0.646,4,78,2867,30.6,0.616,0.539,0.449,2.5,17.8,10,39.5,2.7,1.7,14.5,40.5,11.4,3.8,15.2,0.254,9.4,1.6,11,9.3
2,3,Paul George,28,OKC,0,356,1010,0.352,77,36.9,28,8.2,4.1,2.2,0.4,0.438,0.386,0.839,11.9,0.201,2019,Oklahoma City Thunder,49,0.598,6,77,2841,23.3,0.583,0.469,0.335,3.7,19.6,11.4,17.7,2.8,1,10,29.5,7,4.9,11.9,0.201,5.6,1.6,7.2,6.6
3,4,Nikola Jokić,23,DEN,0,212,1010,0.21,80,31.3,20.1,10.8,7.3,1.4,0.7,0.511,0.307,0.821,11.8,0.226,2019,Denver Nuggets,54,0.659,2,80,2504,26.3,0.589,0.224,0.292,9.8,27.6,18.7,37,2.1,1.9,15.4,27.4,7.5,4.3,11.8,0.226,6.2,2.9,9.1,7
4,5,Stephen Curry,30,GSW,0,175,1010,0.173,69,33.8,27.3,5.3,5.2,1.3,0.4,0.472,0.437,0.916,9.7,0.199,2019,Golden State Warriors,57,0.695,1,69,2331,24.4,0.641,0.604,0.214,2.2,14.2,8.4,24.2,1.9,0.9,11.6,30.4,7.2,2.5,9.7,0.199,7.1,-0.5,6.6,5.1
5,6,Damian Lillard,28,POR,0,69,1010,0.068,80,35.5,25.8,4.6,6.9,1.1,0.4,0.444,0.369,0.912,12.1,0.205,2019,Portland Trail Blazers,53,0.646,3,80,2838,23.7,0.588,0.419,0.335,2.6,11.1,7,30.6,1.5,1,10.8,29.3,9.7,2.4,12.1,0.205,6.6,-0.3,6.4,6
6,7,Joel Embiid,24,PHI,0,49,1010,0.049,64,33.7,27.5,13.6,3.7,0.7,1.9,0.484,0.3,0.804,8.7,0.194,2019,Philadelphia 76ers,51,0.622,3,64,2154,26.1,0.593,0.219,0.541,8.1,34,21.4,18.4,1,4.4,13.2,33.3,4.9,3.8,8.7,0.194,4,0.9,4.9,3.8
7,8,Kevin Durant,30,GSW,0,25,1010,0.025,78,34.6,26,6.4,5.9,0.7,1.1,0.521,0.353,0.885,11.5,0.204,2019,Golden State Warriors,57,0.695,1,78,2702,24.2,0.631,0.281,0.366,1.4,17.5,9.8,26.2,1,2.6,12.3,29,8.6,2.9,11.5,0.204,5.4,0.1,5.5,5.1
8,9,Kawhi Leonard,27,TOR,0,13,1010,0.013,60,34,26.6,7.3,3.3,1.8,0.4,0.496,0.371,0.854,9.5,0.224,2019,Toronto Raptors,58,0.707,2,60,2040,25.8,0.606,0.267,0.377,4.2,18.6,11.6,16.4,2.5,1,8.4,30.3,6.1,3.4,9.5,0.224,6.1,1.1,7.2,4.7
9,10,Russell Westbrook,30,OKC,0,8,1010,0.008,73,36,22.9,11.1,10.7,1.9,0.5,0.428,0.29,0.656,6.8,0.124,2019,Oklahoma City Thunder,49,0.598,6,73,2630,21.1,0.501,0.279,0.306,4.1,28.3,15.8,46.5,2.5,1.1,16.3,30.9,1.8,5,6.8,0.124,2.8,2.4,5.2,4.7
10,11T,Rudy Gobert,26,UTA,0,1,1010,0.001,81,31.8,15.9,12.9,2,0.8,2.3,0.669,0,0.636,14.4,0.268,2019,Utah Jazz,50,0.61,5,81,2577,24.6,0.682,0,0.733,13.2,30.2,21.9,9.6,1.2,5.8,12.1,17.8,8.7,5.7,14.4,0.268,3,2.5,5.4,4.8
11,11T,LeBron James,34,LAL,0,1,1010,0.001,55,35.2,27.4,8.5,8.3,1.3,0.6,0.51,0.339,0.665,7.2,0.179,2019,Los Angeles Lakers,37,0.451,10,55,1937,25.6,0.588,0.299,0.382,3.1,21.3,12.4,39.4,1.7,1.4,13.3,31.6,4.7,2.6,7.2,0.179,6.4,1.7,8,4.9
0,1,Giannis Antetokounmpo,25,MIL,85,962,1010,0.952,63,30.4,29.5,13.6,5.6,1,1,0.553,0.304,0.633,11.1,0.279,2020,Milwaukee Bucks,56,0.767,1,63,1917,31.9,0.613,0.237,0.508,7.7,34.8,22.1,34.2,1.5,3,13.2,37.5,6.1,5,11.1,0.279,7.4,4.1,11.5,6.6
1,2,LeBron James,35,LAL,16,753,1010,0.746,67,34.6,25.3,7.8,10.2,1.2,0.5,0.493,0.348,0.693,9.8,0.204,2020,Los Angeles Lakers,52,0.732,1,67,2316,25.5,0.577,0.326,0.292,3.2,21.5,12.4,49.1,1.6,1.4,15.1,31.5,6.2,3.6,9.8,0.204,6.6,1.8,8.4,6.1
2,3,James Harden,30,HOU,0,367,1010,0.363,68,36.5,34.3,6.6,7.5,1.8,0.9,0.444,0.355,0.865,13.1,0.254,2020,Houston Rockets,44,0.611,4,68,2483,29.1,0.626,0.557,0.528,2.9,16,9.4,35.9,2.3,2.1,14.2,36.3,9.9,3.2,13.1,0.254,8.1,1.6,9.6,7.3
3,4,Luka Dončić,20,DAL,0,200,1010,0.198,61,33.6,28.8,9.4,8.8,1,0.2,0.463,0.316,0.758,8.8,0.207,2020,Dallas Mavericks,43,0.573,7,61,2047,27.6,0.585,0.431,0.448,4.1,25,14.7,45.7,1.5,0.6,14.8,36.8,6.5,2.3,8.8,0.207,7.4,1,8.4,5.4
4,5,Kawhi Leonard,28,LAC,0,168,1010,0.166,57,32.4,27.1,7.1,4.9,1.8,0.6,0.47,0.378,0.886,8.7,0.226,2020,Los Angeles Clippers,49,0.681,2,57,1848,26.9,0.589,0.287,0.355,3.1,19.1,11.3,26.4,2.6,1.6,10.2,33,5.4,3.3,8.7,0.226,6.5,2.4,8.9,5.1
5,6,Anthony Davis,26,LAL,0,82,1010,0.081,62,34.4,26.1,9.3,3.2,1.5,2.3,0.503,0.33,0.846,11.1,0.25,2020,Los Angeles Lakers,52,0.732,1,62,2131,27.4,0.61,0.199,0.479,7.4,22.1,14.8,15.1,2,6,10.4,29.3,6.7,4.4,11.1,0.25,5.4,2.6,8,5.4
6,7,Chris Paul,34,OKC,0,26,1010,0.026,70,31.5,17.6,5,6.7,1.6,0.2,0.489,0.365,0.907,8.9,0.193,2020,Oklahoma City Thunder,44,0.611,5,70,2208,21.7,0.61,0.343,0.315,1.3,15.7,8.7,34,2.4,0.4,13.8,23.3,5.9,3,8.9,0.193,3,1.4,4.4,3.5
7,8,Damian Lillard,29,POR,0,23,1010,0.023,66,37.5,30,4.3,8,1.1,0.3,0.463,0.401,0.888,11.6,0.225,2020,Portland Trail Blazers,35,0.473,8,66,2474,26.9,0.627,0.5,0.384,1.4,10.5,6,34.4,1.3,0.8,11,30.3,10.9,0.7,11.6,0.225,8.3,-0.9,7.5,5.9
8,9,Nikola Jokić,24,DEN,0,18,1010,0.018,73,32,19.9,9.7,7,1.2,0.6,0.528,0.314,0.817,9.8,0.202,2020,Denver Nuggets,46,0.63,3,73,2336,24.9,0.605,0.238,0.281,8,26.1,17.1,35.2,1.8,1.7,15.8,26.6,6.7,3.1,9.8,0.202,5.5,2,7.4,5.5
9,10,Pascal Siakam,25,TOR,0,17,1010,0.017,60,35.2,22.9,7.3,3.5,1,0.9,0.453,0.359,0.792,5.4,0.123,2020,Toronto Raptors,53,0.736,2,60,2110,17.9,0.554,0.331,0.274,3.3,18.3,11,16.4,1.4,2.5,10.7,28.1,1.8,3.6,5.4,0.123,1.3,0.5,1.8,2
10,11,Jimmy Butler,30,MIA,0,9,1010,0.009,58,33.8,19.9,6.7,6,1.8,0.6,0.455,0.244,0.834,9,0.221,2020,Miami Heat,44,0.603,5,58,1959,23.6,0.585,0.157,0.693,6.3,15.4,11,28.1,2.6,1.6,11.4,25.1,6.3,2.7,9,0.221,4,1.5,5.4,3.7
11,12,Jayson Tatum,21,BOS,0,1,1010,0.001,66,34.3,23.4,7,3,1.4,0.9,0.45,0.403,0.812,6.9,0.146,2020,Boston Celtics,48,0.667,3,66,2265,20.4,0.567,0.383,0.255,3.1,18.5,10.9,14.5,2,2.3,10.2,28.6,3.2,3.7,6.9,0.146,3.5,0.6,4,3.4
0,1,Nikola Jokić,25,DEN,91,971,1010,0.961,72,34.6,26.4,10.8,8.3,1.3,0.7,0.566,0.388,0.868,15.6,0.301,2021,Denver Nuggets,47,0.653,3,72,2488,31.3,0.647,0.183,0.305,9.4,26.1,17.8,40.4,1.9,1.9,13.1,29.6,12.2,3.4,15.6,0.301,9.1,3,12.1,8.8
1,2,Joel Embiid,26,PHI,1,586,1010,0.58,51,31.1,28.5,10.6,2.8,1,1.4,0.513,0.377,0.859,8.8,0.266,2021,Philadelphia 76ers,49,0.681,1,51,1585,30.3,0.636,0.171,0.61,8,29.1,18.7,16.2,1.5,3.9,12.2,35.3,5.6,3.2,8.8,0.266,6.3,1.2,7.5,3.8
2,3,Stephen Curry,32,GSW,5,453,1010,0.449,63,34.2,32,5.5,5.8,1.2,0.1,0.482,0.421,0.916,9,0.201,2021,Golden State Warriors,39,0.542,8,63,2152,26.3,0.655,0.587,0.289,1.5,15.4,8.5,30.5,1.7,0.3,12.2,34.8,6.5,2.5,9,0.201,8.3,0.4,8.7,5.8
3,4,Giannis Antetokounmpo,26,MIL,1,348,1010,0.345,61,33,28.1,11,5.9,1.2,1.2,0.569,0.303,0.685,10.2,0.244,2021,Milwaukee Bucks,46,0.639,3,61,2013,29.2,0.633,0.201,0.528,5.3,28.9,17.5,28.7,1.7,3.2,13.2,32.5,6.9,3.3,10.2,0.244,6.2,2.8,9,5.6
4,5,Chris Paul,35,PHO,2,139,1010,0.138,70,31.4,16.4,4.5,8.9,1.4,0.3,0.499,0.395,0.934,9.2,0.201,2021,Phoenix Suns,51,0.708,2,70,2199,21.4,0.599,0.294,0.206,1.3,14.5,8,40.9,2.2,0.8,14,22.6,6.5,2.7,9.2,0.201,3.5,1.1,4.6,3.6
5,6,Luka Dončić,21,DAL,0,42,1010,0.042,66,34.3,27.7,8,8.6,1,0.5,0.479,0.35,0.73,7.7,0.163,2021,Dallas Mavericks,42,0.583,5,66,2262,25.3,0.587,0.406,0.349,2.7,22.9,12.8,44.1,1.4,1.5,15.3,36,5.1,2.6,7.7,0.163,6.1,0.7,6.8,5.1
6,7,Damian Lillard,30,POR,0,38,1010,0.038,67,35.8,28.8,4.2,7.5,0.9,0.3,0.451,0.391,0.928,10.4,0.209,2021,Portland Trail Blazers,42,0.583,6,67,2398,25.6,0.623,0.528,0.363,1.4,11.5,6.3,34.6,1.3,0.6,11.6,31.4,9.6,0.8,10.4,0.209,7.5,-1.3,6.3,5
7,8,Julius Randle,26,NYK,0,20,1010,0.02,71,37.6,24.1,10.2,6,0.9,0.3,0.456,0.411,0.811,7.8,0.14,2021,New York Knicks,41,0.569,4,71,2667,19.7,0.567,0.294,0.325,3.5,25.7,14.7,27.2,1.2,0.6,13.8,29.3,3.4,4.3,7.8,0.14,2.9,0.9,3.8,3.9
10,10,Rudy Gobert,28,UTA,0,8,1010,0.008,71,30.8,14.3,13.5,1.3,0.6,2.7,0.675,0,0.623,11.3,0.248,2021,Utah Jazz,52,0.722,1,71,2187,23.5,0.683,0.007,0.646,12.2,33.5,23.3,6,0.9,7,13.7,17,6.1,5.2,11.3,0.248,2.1,2.8,4.9,3.8
11,11,Russell Westbrook,32,WAS,0,5,1010,0.005,65,36.4,22.2,11.5,11.7,1.4,0.4,0.439,0.315,0.656,3.7,0.075,2021,Washington Wizards,34,0.472,8,65,2369,19.5,0.509,0.221,0.334,4.9,28.6,16.8,48.6,1.7,0.8,18,30.2,0.5,3.2,3.7,0.075,2.6,1.1,3.7,3.4
12,12,Ben Simmons,24,PHI,0,3,1010,0.003,58,32.4,14.3,7.2,6.9,1.6,0.6,0.557,0.3,0.613,6,0.153,2021,Philadelphia 76ers,49,0.681,1,58,1877,18.3,0.584,0.017,0.492,5.6,18.7,12.2,31.3,2.4,1.7,19.6,20.2,2.7,3.3,6,0.153,0.7,2.2,2.9,2.3
15,13T,LeBron James,36,LAL,0,1,1010,0.001,45,33.4,25,7.7,7.8,1.1,0.6,0.513,0.365,0.698,5.6,0.179,2021,Los Angeles Lakers,42,0.583,7,45,1504,24.2,0.602,0.346,0.31,2.2,23.6,12.9,41.8,1.6,1.5,15.2,31.9,3,2.6,5.6,0.179,5.9,2.3,8.1,3.8
16,13T,Kawhi Leonard,29,LAC,0,1,1010,0.001,52,34.1,24.8,6.5,5.2,1.6,0.4,0.512,0.398,0.885,8.8,0.238,2021,Los Angeles Clippers,47,0.653,4,52,1773,26,0.622,0.28,0.325,3.6,17.4,10.7,24.9,2.3,1.1,9.2,28.6,6.4,2.4,8.8,0.238,6,1.3,7.3,4.2
0,1,Nikola Jokić,26,DEN,65,875,1000,0.875,74,33.5,27.1,13.8,7.9,1.5,0.9,0.583,0.337,0.81,15.2,0.296,2022,Denver Nuggets,48,0.585,6,74,2476,32.8,0.661,0.22,0.357,9.6,35.5,23,42.6,2.2,2.3,15.6,31.9,10.8,4.5,15.2,0.296,9.2,4.5,13.7,9.8
1,2,Joel Embiid,27,PHI,26,706,1000,0.706,68,33.8,30.6,11.7,4.2,1.1,1.5,0.499,0.371,0.814,12,0.252,2022,Philadelphia 76ers,51,0.622,4,68,2297,31.2,0.616,0.188,0.602,7.2,31.1,19.4,23.5,1.7,3.9,11.3,37.2,7.9,4.1,12,0.252,7.2,2,9.2,6.5
2,3,Giannis Antetokounmpo,27,MIL,9,595,1000,0.595,67,32.9,29.9,11.6,5.8,1.1,1.4,0.553,0.293,0.722,12.9,0.281,2022,Milwaukee Bucks,51,0.622,3,67,2204,32.1,0.633,0.194,0.615,6.6,30.4,18.7,31.7,1.6,4,12.2,34.9,9.2,3.7,12.9,0.281,7.6,3.5,11.2,7.4
3,4,Devin Booker,25,PHO,0,216,1000,0.216,68,34.5,26.8,5,4.8,1.1,0.4,0.466,0.383,0.868,7.6,0.156,2022,Phoenix Suns,64,0.78,1,68,2345,21.3,0.576,0.336,0.255,2.1,13.2,7.8,22.4,1.6,1,9.3,32,4.3,3.3,7.6,0.156,3.9,0.2,4.1,3.6
4,5,Luka Dončić,22,DAL,0,146,1000,0.146,65,35.4,28.4,9.1,8.7,1.2,0.6,0.457,0.353,0.744,7.6,0.159,2022,Dallas Mavericks,52,0.634,4,65,2301,25.1,0.571,0.406,0.349,2.7,26,14.3,46,1.6,1.4,15.3,37.4,3.8,3.8,7.6,0.159,6.4,1.8,8.2,5.9
5,6,Jayson Tatum,23,BOS,0,43,1000,0.043,76,35.9,26.9,8,4.4,1,0.6,0.453,0.353,0.853,9.6,0.169,2022,Boston Celtics,51,0.622,2,76,2731,21.8,0.578,0.416,0.3,3.5,20.2,12.1,21.1,1.4,1.6,10.9,32.1,5,4.6,9.6,0.169,4.3,0.6,5,4.8
6,7,Ja Morant,22,MEM,0,10,1000,0.01,57,33.1,27.4,5.7,6.7,1.2,0.4,0.493,0.344,0.761,6.7,0.171,2022,Memphis Grizzlies,56,0.683,2,57,1889,24.4,0.575,0.218,0.353,4.2,14.1,9,34.1,1.7,1,12.6,33.7,4.6,2.1,6.7,0.171,6.2,-0.1,6.1,3.9
7,8,Stephen Curry,33,GSW,0,4,1000,0.004,64,34.5,25.5,5.2,6.3,1.3,0.4,0.437,0.38,0.923,8,0.173,2022,Golden State Warriors,53,0.646,3,64,2211,21.4,0.601,0.613,0.243,1.7,14.4,8.3,30.4,1.9,1,13.2,30.8,4.6,3.4,8,0.173,5.4,0.4,5.8,4.4
8,9,Chris Paul,36,PHO,0,2,1000,0.002,65,32.9,14.7,4.4,10.8,1.9,0.3,0.493,0.317,0.837,9.4,0.21,2022,Phoenix Suns,64,0.78,1,65,2139,20.8,0.581,0.27,0.274,1.1,12.8,7.1,44.5,2.7,0.8,15.6,19.7,5.8,3.6,9.4,0.21,3.1,2.3,5.4,4
9,10T,DeMar DeRozan,32,CHI,0,1,1000,0.001,76,36.1,27.9,5.2,4.9,0.9,0.3,0.504,0.352,0.877,8.8,0.154,2022,Chicago Bulls,46,0.561,6,76,2743,23.1,0.59,0.093,0.386,2.3,13.7,8,23.3,1.2,0.8,9.2,31.8,7,1.8,8.8,0.154,3.4,-0.9,2.5,3.1
10,10T,Kevin Durant,33,BRK,0,1,1000,0.001,55,37.2,29.9,7.4,6.4,0.9,0.9,0.518,0.383,0.91,8.4,0.198,2022,,,,,55,2047,25.6,0.634,0.269,0.367,1.6,19.6,10.8,29.1,1.1,2.3,12.9,31.2,6.4,2,8.4,0.198,6.4,0.7,7.2,4.8
11,10T,LeBron James,37,LAL,0,1,1000,0.001,56,37.2,30.3,8.2,6.2,1.3,1.1,0.524,0.359,0.756,7.5,0.172,2022,Los Angeles Lakers,33,0.402,11,56,2084,26.2,0.619,0.367,0.275,3.3,20.4,11.8,30.6,1.7,2.5,12.5,32.3,5.2,2.3,7.5,0.172,6.9,0.8,7.7,5.1
0,1,Joel Embiid,28,PHI,73,915,1000,0.915,66,34.6,33.1,10.2,4.2,1,1.7,0.548,0.33,0.857,12.3,0.259,2023,Philadelphia 76ers,54,0.659,3,66,2284,31.4,0.655,0.151,0.581,5.9,28.3,17.3,22.9,1.4,4.6,11.9,37,8.4,3.9,12.3,0.259,6.8,2.3,9.2,6.4
1,2,Nikola Jokić,27,DEN,15,674,1000,0.674,69,33.7,24.5,11.8,9.8,1.3,0.7,0.632,0.383,0.822,14.9,0.308,2023,Denver Nuggets,53,0.646,1,69,2323,31.5,0.701,0.146,0.406,8.5,31.3,20.2,46.6,1.8,1.8,17,27.2,11.2,3.8,14.9,0.308,8.5,4.5,13,8.8
2,3,Giannis Antetokounmpo,28,MIL,12,606,1000,0.606,63,32.1,31.1,11.8,5.7,0.8,0.8,0.553,0.275,0.645,8.6,0.204,2023,Milwaukee Bucks,58,0.707,1,63,2024,29,0.605,0.134,0.604,7.3,30,19.1,33.2,1.2,2.1,13.2,38.8,4.9,3.7,8.6,0.204,5.8,2.7,8.5,5.4
3,4,Jayson Tatum,24,BOS,0,280,1000,0.28,74,36.9,30.1,8.8,4.6,1.1,0.7,0.466,0.35,0.854,10.5,0.185,2023,Boston Celtics,57,0.695,2,74,2732,23.7,0.607,0.44,0.399,3.2,22.5,13,20.9,1.4,1.6,10.4,32.7,6.2,4.3,10.5,0.185,4.8,0.7,5.5,5.1
4,5,Shai Gilgeous-Alexander,24,OKC,0,46,1000,0.046,68,35.5,31.4,4.8,5.5,1.6,1,0.51,0.345,0.905,11.4,0.226,2023,Oklahoma City Thunder,40,0.488,10,68,2416,27.2,0.626,0.122,0.535,2.6,12.2,7.3,25.7,2.2,2.5,10.1,32.8,8.4,3,11.4,0.226,5.7,1.5,7.3,5.6
5,6,Donovan Mitchell,26,CLE,0,30,1000,0.03,68,35.8,28.3,4.3,4.4,1.5,0.4,0.484,0.386,0.867,8.9,0.176,2023,Cleveland Cavaliers,51,0.622,4,68,2432,22.9,0.614,0.453,0.262,3.1,10.9,7,21.4,2,1,10.3,32.1,5.4,3.5,8.9,0.176,5.6,0.6,6.3,5
6,7,Domantas Sabonis,26,SAC,0,27,1000,0.027,79,34.6,19.1,12.3,7.3,0.8,0.5,0.615,0.373,0.742,12.6,0.221,2023,Sacramento Kings,48,0.585,3,79,2736,23.5,0.668,0.088,0.467,10.6,30,20.3,30.4,1.1,1.2,16.9,21.3,9.6,3,12.6,0.221,4.1,1.8,5.8,5.4
7,8,Luka Dončić,23,DAL,0,10,1000,0.01,66,36.2,32.4,8.6,8,1.4,0.5,0.496,0.342,0.742,10.2,0.204,2023,Dallas Mavericks,38,0.463,11,66,2391,28.7,0.609,0.373,0.479,2.6,25.4,13.8,42.3,1.9,1.2,11.9,37.6,7.3,2.9,10.2,0.204,7.6,1.4,8.9,6.6
8,9,Stephen Curry,34,GSW,0,5,1000,0.005,56,34.7,29.4,6.1,6.3,0.9,0.4,0.493,0.427,0.915,7.8,0.192,2023,Golden State Warriors,44,0.537,6,56,1941,24.1,0.656,0.564,0.248,2.3,16.8,9.7,30,1.3,0.9,12.5,31,5.8,2,7.8,0.192,7.5,0.1,7.5,4.7
9,10,Jimmy Butler,33,MIA,0,3,1000,0.003,64,33.4,22.9,5.9,5.3,1.8,0.3,0.539,0.35,0.85,12.3,0.277,2023,Miami Heat,44,0.537,7,64,2138,27.6,0.647,0.116,0.625,7.5,13.3,10.3,27.1,2.7,1,8.2,25.6,9.4,2.9,12.3,0.277,6.7,2,8.7,5.8
10,11,De'Aaron Fox,25,SAC,0,2,1000,0.002,73,33.4,25,4.2,6.1,1.1,0.3,0.512,0.324,0.78,7.4,0.146,2023,Sacramento Kings,48,0.585,3,73,2435,21.8,0.599,0.276,0.331,1.9,12.4,7.2,29.6,1.6,0.8,10.6,30.1,5.5,1.8,7.4,0.146,3.4,-0.9,2.5,2.7
11,12T,Jalen Brunson,26,NYK,0,1,1000,0.001,68,35,24,3.5,6.2,0.9,0.2,0.491,0.416,0.829,8.7,0.175,2023,New York Knicks,47,0.573,5,68,2379,21.2,0.597,0.269,0.328,1.8,9.3,5.6,28.7,1.3,0.6,9.4,27.2,6.9,1.8,8.7,0.175,4.4,-0.5,3.9,3.5
12,12T,Ja Morant,23,MEM,0,1,1000,0.001,61,31.9,26.2,5.9,8.1,1.1,0.3,0.466,0.307,0.748,6,0.148,2023,Memphis Grizzlies,51,0.622,2,61,1948,23.3,0.557,0.247,0.409,3.3,16.1,9.7,41.1,1.6,0.7,12.6,34.9,3.4,2.6,6,0.148,5.2,0.5,5.7,3.8
0,1,Nikola Jokić,28,DEN,79,926,990,0.935,79,34.6,26.4,12.4,9,1.4,0.9,0.583,0.359,0.817,17,0.299,2024,Denver Nuggets,57,0.695,2,79,2737,31,0.65,0.164,0.31,9.3,29.6,19.8,42,2,2.1,12.9,29.3,12,5.1,17,0.299,9,4.2,13.2,10.6
1,2,Shai Gilgeous-Alexander,25,OKC,15,640,990,0.646,75,34,30.1,5.5,6.2,2,0.9,0.535,0.353,0.874,14.6,0.275,2024,Oklahoma City Thunder,57,0.695,1,75,2553,29.3,0.636,0.181,0.436,3,14.7,9.1,29.8,2.8,2.4,8.4,32.8,10.5,4.2,14.6,0.275,6.7,2.3,9,7.1
2,3,Luka Dončić,24,DAL,4,566,990,0.572,70,37.5,33.9,9.2,9.8,1.4,0.5,0.487,0.382,0.786,12,0.22,2024,Dallas Mavericks,50,0.61,5,70,2624,28.1,0.617,0.45,0.368,2.5,24.4,13.5,44.3,1.8,1.3,12.8,36,8.5,3.5,12,0.22,8.3,1.7,9.9,8
3,4,Giannis Antetokounmpo,29,MIL,1,192,990,0.194,73,35.2,30.4,11.5,6.5,1.2,1.1,0.611,0.274,0.657,13.2,0.246,2024,Milwaukee Bucks,49,0.598,3,73,2567,29.9,0.649,0.091,0.571,8.6,27,17.9,32.7,1.6,2.6,12.7,33,9.5,3.7,13.2,0.246,6.7,2.4,9,7.2
4,5,Jalen Brunson,27,NYK,0,142,990,0.143,77,35.4,28.7,3.6,6.7,0.9,0.2,0.479,0.401,0.847,11.2,0.198,2024,New York Knicks,50,0.61,2,77,2726,23.4,0.592,0.319,0.302,1.8,9.7,5.7,33.5,1.3,0.4,9.1,32.5,8.8,2.4,11.2,0.198,6.3,-0.4,5.8,5.4
5,6,Jayson Tatum,25,BOS,0,86,990,0.087,74,35.7,26.9,8.1,4.9,1,0.6,0.471,0.376,0.833,10.4,0.189,2024,Boston Celtics,64,0.78,1,74,2645,22.3,0.604,0.427,0.349,2.9,20.9,12.3,21,1.4,1.4,10.3,30.2,6.4,4.1,10.4,0.189,4.5,0.6,5.1,4.7
6,7,Anthony Edwards,22,MIN,0,18,990,0.018,79,35.1,25.9,5.4,5.1,1.3,0.5,0.461,0.357,0.836,7.5,0.13,2024,Minnesota Timberwolves,56,0.683,3,79,2770,19.7,0.575,0.341,0.325,2.2,14.8,8.8,24.6,1.8,1.3,11.9,32.3,2.9,4.7,7.5,0.13,2.7,0.5,3.3,3.7
7,8,Domantas Sabonis,27,SAC,0,3,990,0.003,82,35.7,19.4,13.7,8.2,0.9,0.6,0.594,0.379,0.704,12.6,0.206,2024,Sacramento Kings,46,0.561,9,82,2928,23.2,0.637,0.081,0.389,11,32.3,21.4,33.9,1.2,1.5,17.9,22.2,8.6,4,12.6,0.206,4,2.4,6.5,6.2
8,9,Kevin Durant,35,PHO,0,1,990,0.001,75,37.2,27.1,6.6,5,0.9,1.2,0.523,0.413,0.856,8.3,0.142,2024,Phoenix Suns,49,0.598,6,75,2791,21.2,0.626,0.283,0.295,1.7,17.5,10,22.2,1.2,2.9,13.1,29,5.1,3.2,8.3,0.142,4,0.1,4,4.3
0,1,Shai Gilgeous-Alexander,26,OKC,71,913,1000,0.913,76,34.2,32.7,5,6.4,1.7,1,0.519,0.375,0.898,16.7,0.309,2025,Oklahoma City Thunder,68,0.829,1,76,2598,30.7,0.637,0.263,0.404,2.8,12.6,7.8,31.3,2.4,3,8.6,34.8,11.9,4.8,16.7,0.309,8.9,2.6,11.5,8.9
1,2,Nikola Jokić,29,DEN,29,787,1000,0.787,70,36.7,29.6,12.7,10.2,1.8,0.6,0.576,0.417,0.8,16.4,0.307,2025,Denver Nuggets,50,0.61,4,70,2571,32,0.663,0.243,0.331,9,28.2,19.1,44.1,2.4,1.6,12.8,29.5,12.7,3.8,16.4,0.307,9.9,3.3,13.3,9.8
2,3,Giannis Antetokounmpo,30,MIL,0,470,1000,0.47,67,34.2,30.4,11.9,6.5,0.9,1.2,0.601,0.222,0.617,11.5,0.241,2025,Milwaukee Bucks,48,0.585,5,67,2289,30.5,0.625,0.048,0.536,7.3,29.7,19,36,1.2,3.2,11.2,35.2,7.8,3.7,11.5,0.241,6.9,2.5,9.5,6.6
3,4,Jayson Tatum,26,BOS,0,311,1000,0.311,72,36.4,26.8,8.7,6,1.1,0.5,0.452,0.343,0.814,9.5,0.174,2025,Boston Celtics,61,0.744,2,72,2624,21.7,0.582,0.497,0.3,2,23.7,12.9,27,1.5,1.3,11.2,31.2,5.3,4.2,9.5,0.174,4.4,0.8,5.2,4.8
4,5,Donovan Mitchell,28,CLE,0,74,1000,0.074,71,31.4,24,4.5,5,1.3,0.2,0.443,0.368,0.823,7.6,0.163,2025,Cleveland Cavaliers,64,0.78,1,71,2232,20.9,0.575,0.48,0.274,2.8,12.5,7.8,23.9,2,0.7,9.2,30.9,4.8,2.8,7.6,0.163,3.8,-0.2,3.7,3.2
5,6,LeBron James,40,LAL,0,16,1000,0.016,70,34.9,24.4,7.8,8.2,1,0.6,0.513,0.376,0.782,7.7,0.152,2025,Los Angeles Lakers,50,0.61,3,70,2444,22.7,0.604,0.312,0.261,3.4,21.2,12.6,40.3,1.4,1.5,15.5,30.1,4.9,2.8,7.7,0.152,4.9,0.7,5.6,4.7
6,7T,Cade Cunningham,23,DET,0,12,1000,0.012,70,35,26.1,6.1,9.1,1,0.8,0.469,0.356,0.846,5.9,0.115,2025,Detroit Pistons,44,0.537,6,70,2452,20.6,0.565,0.287,0.254,2.5,16.5,9.6,43,1.4,2.1,16,33.2,3,2.9,5.9,0.115,3.8,0.1,3.9,3.7
7,7T,Anthony Edwards,23,MIN,0,12,1000,0.012,79,36.3,27.6,5.7,4.5,1.2,0.6,0.447,0.395,0.837,8.4,0.14,2025,Minnesota Timberwolves,49,0.598,6,79,2871,20.1,0.595,0.503,0.308,2.4,14.8,8.7,20.9,1.6,1.7,12,31.4,4.6,3.8,8.4,0.14,4.4,0,4.3,4.6
8,9,Stephen Curry,36,GSW,0,2,1000,0.002,70,32.2,24.5,4.4,6,1.1,0.4,0.448,0.397,0.933,7.9,0.168,2025,Golden State Warriors,48,0.585,7,70,2252,21.5,0.618,0.623,0.238,1.9,13.3,7.4,31.3,1.7,1.3,12.6,29.8,5.2,2.7,7.9,0.168,6.4,0,6.3,4.8
9,10T,Jalen Brunson,28,NYK,0,1,1000,0.001,65,35.4,26,2.9,7.3,0.9,0.1,0.488,0.383,0.821,8.3,0.172,2025,New York Knicks,51,0.622,3,65,2301,21.6,0.605,0.331,0.373,1.4,7.9,4.7,32.3,1.3,0.3,10.5,29.5,6.8,1.4,8.3,0.172,4.7,-1.3,3.3,3.1
10,10T,James Harden,35,LAC,0,1,1000,0.001,79,35.3,22.8,5.8,8.7,1.5,0.7,0.41,0.352,0.874,8.3,0.143,2025,Los Angeles Clippers,50,0.61,5,79,2789,20,0.582,0.516,0.446,2.3,16.1,9.3,36.8,2.1,2,18,29.6,4,4.3,8.3,0.143,3.5,0.8,4.3,4.4
11,10T,Evan Mobley,23,CLE,0,1,1000,0.001,71,30.5,18.5,9.3,3.2,0.9,1.6,0.557,0.37,0.725,9,0.2,2025,Cleveland Cavaliers,64,0.78,1,71,2167,22.3,0.633,0.254,0.337,8.4,24,16.5,15.1,1.4,4.7,12.2,23.2,5.3,3.8,9,0.2,3.1,1.5,4.6,3.6